{
"type": "FeatureCollection",
"name": "cnty_ed",
"crs": { "type": "name", "properties": { "name": "urn:ogc:def:crs:EPSG::2260" } },
"features": [
{ "type": "Feature", "properties": { "ED": "TY_29", "DISTRICT": "29TH", "CNCLDIST": "6TH", "SWIS": "381700", "POLLING_PL": "COTTAGE STREET APARTMENTS", "ADDRESS": "31 COTTAGE ST", "CITY": "TROY", "ZIP": "12180", "COMMUNITY": "TROY", "UPDATED": "2019-02-07", "LABEL": "TROY - 29TH" }, "geometry": { "type": "Polygon", "coordinates": [ [ [ 710275.980000000447035, 1411785.969999998807907 ], [ 710286.100000001490116, 1411677.189999997615814 ], [ 710295.260000001639128, 1411508.729999996721745 ], [ 710282.440000001341105, 1411466.609999999403954 ], [ 710240.769999999552965, 1411418.729999996721745 ], [ 710208.769999999552965, 1411390.399999998509884 ], [ 710134.370000001043081, 1411340.21000000089407 ], [ 710125.489999998360872, 1411309.380000002682209 ], [ 710140.760000001639128, 1411166.380000002682209 ], [ 710209.350000001490116, 1411060.810000002384186 ], [ 710256.059999998658895, 1410954.590000003576279 ], [ 710285.739999998360872, 1410832.090000003576279 ], [ 710303.120000001043081, 1410707.130000002682209 ], [ 710308.71000000089407, 1410561.340000003576279 ], [ 710163.850000001490116, 1410087.130000002682209 ], [ 710058.129999998956919, 1409784.880000002682209 ], [ 710066.059999998658895, 1409539.869999997317791 ], [ 710179.280000001192093, 1409108.280000001192093 ], [ 710363.730000000447035, 1408404.829999998211861 ], [ 710487.809999998658895, 1408036.0 ], [ 705311.5, 1407434.880000002682209 ], [ 705805.0, 1407949.240000002086163 ], [ 706138.620000001043081, 1408637.369999997317791 ], [ 706430.559999998658895, 1409353.25 ], [ 706472.309999998658895, 1409589.619999997317791 ], [ 706493.129999998956919, 1410020.630000002682209 ], [ 706836.969999998807907, 1410067.259999997913837 ], [ 707012.820000000298023, 1410090.670000001788139 ], [ 707234.350000001490116, 1410120.159999996423721 ], [ 707636.320000000298023, 1410170.640000000596046 ], [ 707741.079999998211861, 1410215.280000001192093 ], [ 707835.030000001192093, 1410270.520000003278255 ], [ 707917.260000001639128, 1410338.869999997317791 ], [ 707985.320000000298023, 1410410.070000000298023 ], [ 708062.690000001341105, 1410518.380000002682209 ], [ 708114.019999999552965, 1411184.100000001490116 ], [ 708075.690000001341105, 1411291.890000000596046 ], [ 707859.870000001043081, 1411583.259999997913837 ], [ 707749.129999998956919, 1411771.78999999910593 ], [ 707706.359999999403954, 1411845.759999997913837 ], [ 707683.640000000596046, 1411991.520000003278255 ], [ 707703.010000001639128, 1412141.049999997019768 ], [ 707778.510000001639128, 1412398.570000000298023 ], [ 707824.969999998807907, 1412622.530000001192093 ], [ 707843.519999999552965, 1412658.060000002384186 ], [ 707866.780000001192093, 1412639.829999998211861 ], [ 707881.879999998956919, 1412620.96000000089407 ], [ 707883.449999999254942, 1412598.640000000596046 ], [ 707873.71000000089407, 1412559.020000003278255 ], [ 707849.160000000149012, 1412482.609999999403954 ], [ 707826.739999998360872, 1412386.950000002980232 ], [ 708076.600000001490116, 1412269.049999997019768 ], [ 708226.850000001490116, 1412207.840000003576279 ], [ 708335.350000001490116, 1412168.890000000596046 ], [ 708457.179999999701977, 1412146.229999996721745 ], [ 708764.129999998956919, 1412090.659999996423721 ], [ 709108.469999998807907, 1412041.020000003278255 ], [ 709402.679999999701977, 1411990.420000001788139 ], [ 709807.949999999254942, 1411900.21000000089407 ], [ 710275.980000000447035, 1411785.969999998807907 ] ] ] } },
{ "type": "Feature", "properties": { "ED": "TY_17", "DISTRICT": "17TH", "CNCLDIST": "4TH", "SWIS": "381700", "POLLING_PL": "JOHN F KENNEDY TOWERS", "ADDRESS": "2100 6TH AVE", "CITY": "TROY", "ZIP": "12180", "COMMUNITY": "TROY", "UPDATED": "2023-02-16", "LABEL": "TROY - 17TH" }, "geometry": { "type": "Polygon", "coordinates": [ [ [ 709739.620000001043081, 1421531.030000001192093 ], [ 710064.079999998211861, 1421474.929999999701977 ], [ 709996.589999999850988, 1421023.630000002682209 ], [ 709928.890000000596046, 1420562.130000002682209 ], [ 709863.609999999403954, 1420106.520000003278255 ], [ 709801.160000000149012, 1419703.109999999403954 ], [ 709710.859999999403954, 1419100.649999998509884 ], [ 709672.920000001788139, 1418887.46000000089407 ], [ 709352.079999998211861, 1418935.259999997913837 ], [ 708839.149999998509884, 1419013.929999999701977 ], [ 708505.359999999403954, 1419065.329999998211861 ], [ 707993.370000001043081, 1419134.880000002682209 ], [ 707695.620000001043081, 1419174.880000002682209 ], [ 707674.809999998658895, 1419529.369999997317791 ], [ 707876.370000001043081, 1420141.0 ], [ 708189.129999998956919, 1420905.630000002682209 ], [ 708342.059999998658895, 1421128.0 ], [ 708974.620000001043081, 1421600.740000002086163 ], [ 709822.620000001043081, 1422608.630000002682209 ], [ 709923.589999999850988, 1422916.240000002086163 ], [ 709739.620000001043081, 1421531.030000001192093 ] ] ] } },
{ "type": "Feature", "properties": { "ED": "TY_8", "DISTRICT": "8TH", "CNCLDIST": "2ND", "SWIS": "381700", "POLLING_PL": "KNICKERBACKER ICE RINK", "ADDRESS": "191 103RD ST", "CITY": "TROY", "ZIP": "12180", "COMMUNITY": "TROY", "UPDATED": "2012-04-23", "LABEL": "TROY - 8TH" }, "geometry": { "type": "Polygon", "coordinates": [ [ [ 711652.260000001639128, 1430281.869999997317791 ], [ 711779.100000001490116, 1431372.259999997913837 ], [ 711803.399999998509884, 1431858.890000000596046 ], [ 711901.179999999701977, 1432336.409999996423721 ], [ 712025.78999999910593, 1432784.509999997913837 ], [ 712348.160000000149012, 1432681.21000000089407 ], [ 712482.800000000745058, 1433111.780000001192093 ], [ 712801.910000000149012, 1433019.909999996423721 ], [ 713113.579999998211861, 1432924.159999996423721 ], [ 712970.71000000089407, 1432484.579999998211861 ], [ 712829.670000001788139, 1432032.579999998211861 ], [ 712981.699999999254942, 1431981.869999997317791 ], [ 712841.28999999910593, 1431528.070000000298023 ], [ 712999.839999999850988, 1431485.670000001788139 ], [ 713157.089999999850988, 1431437.969999998807907 ], [ 713028.320000000298023, 1431001.070000000298023 ], [ 713187.719999998807907, 1430960.259999997913837 ], [ 713350.199999999254942, 1430921.520000003278255 ], [ 713907.480000000447035, 1430795.729999996721745 ], [ 713625.25, 1430046.380000002682209 ], [ 713066.25, 1430110.619999997317791 ], [ 712730.850000001490116, 1430152.75 ], [ 712407.410000000149012, 1430186.119999997317791 ], [ 712062.100000001490116, 1430227.369999997317791 ], [ 711652.260000001639128, 1430281.869999997317791 ] ] ] } },
{ "type": "Feature", "properties": { "ED": "TY_10", "DISTRICT": "10TH", "CNCLDIST": "2ND", "SWIS": "381700", "POLLING_PL": "SCHOOL 2", "ADDRESS": "470 10TH ST", "CITY": "TROY", "ZIP": "12180", "COMMUNITY": "TROY", "UPDATED": "2023-02-16", "LABEL": "TROY - 10TH" }, "geometry": { "type": "Polygon", "coordinates": [ [ [ 712551.690000001341105, 1424470.119999997317791 ], [ 712474.5, 1424104.75 ], [ 712213.719999998807907, 1424113.520000003278255 ], [ 711953.609999999403954, 1424129.359999999403954 ], [ 711068.75, 1424121.0 ], [ 710809.0, 1424128.130000002682209 ], [ 710574.620000001043081, 1424150.380000002682209 ], [ 710240.309999998658895, 1424254.0 ], [ 710119.870000001043081, 1424295.100000001490116 ], [ 710156.350000001490116, 1424657.590000003576279 ], [ 710166.550000000745058, 1424778.979999996721745 ], [ 710302.190000001341105, 1426556.630000002682209 ], [ 710465.620000001043081, 1428429.619999997317791 ], [ 710479.719999998807907, 1428504.549999997019768 ], [ 710570.25, 1428772.75 ], [ 711674.190000001341105, 1428644.0 ], [ 712019.75, 1428588.75 ], [ 712019.75, 1428297.25 ], [ 711918.600000001490116, 1427422.640000000596046 ], [ 712183.059999998658895, 1427393.5 ], [ 712436.120000001043081, 1427368.479999996721745 ], [ 712372.53999999910593, 1426778.130000002682209 ], [ 712559.379999998956919, 1426759.689999997615814 ], [ 712787.28999999910593, 1426700.640000000596046 ], [ 713044.980000000447035, 1426634.030000001192093 ], [ 713292.530000001192093, 1426568.899999998509884 ], [ 713283.850000001490116, 1426533.0 ], [ 713767.620000001043081, 1426413.0 ], [ 713509.940000001341105, 1426028.5 ], [ 713067.989999998360872, 1425361.939999997615814 ], [ 712818.620000001043081, 1424925.880000002682209 ], [ 712682.690000001341105, 1424691.859999999403954 ], [ 712551.690000001341105, 1424470.119999997317791 ] ] ] } },
{ "type": "Feature", "properties": { "ED": "TY_9", "DISTRICT": "9TH", "CNCLDIST": "2ND", "SWIS": "381700", "POLLING_PL": "SCHOOL 2", "ADDRESS": "470 10TH ST", "CITY": "TROY", "ZIP": "12180", "COMMUNITY": "TROY", "UPDATED": "2023-02-16", "LABEL": "TROY - 9TH" }, "geometry": { "type": "Polygon", "coordinates": [ [ [ 713908.390000000596046, 1426623.609999999403954 ], [ 713767.620000001043081, 1426413.0 ], [ 713283.850000001490116, 1426533.0 ], [ 713292.530000001192093, 1426568.899999998509884 ], [ 713044.980000000447035, 1426634.030000001192093 ], [ 712787.28999999910593, 1426700.640000000596046 ], [ 712559.379999998956919, 1426759.689999997615814 ], [ 712372.53999999910593, 1426778.130000002682209 ], [ 712436.120000001043081, 1427368.479999996721745 ], [ 712183.059999998658895, 1427393.5 ], [ 711918.600000001490116, 1427422.640000000596046 ], [ 712019.75, 1428297.25 ], [ 712019.75, 1428588.75 ], [ 711674.190000001341105, 1428644.0 ], [ 710570.25, 1428772.75 ], [ 710858.300000000745058, 1429688.369999997317791 ], [ 711057.480000000447035, 1430283.820000000298023 ], [ 711083.280000001192093, 1430377.820000000298023 ], [ 711652.260000001639128, 1430281.869999997317791 ], [ 712062.100000001490116, 1430227.369999997317791 ], [ 712407.410000000149012, 1430186.119999997317791 ], [ 712730.850000001490116, 1430152.75 ], [ 713066.25, 1430110.619999997317791 ], [ 713625.25, 1430046.380000002682209 ], [ 713592.629999998956919, 1429960.130000002682209 ], [ 713229.059999998658895, 1429126.75 ], [ 714893.809999998658895, 1429014.880000002682209 ], [ 714691.309999998658895, 1428210.619999997317791 ], [ 714671.379999998956919, 1428056.009999997913837 ], [ 714626.5, 1427651.880000002682209 ], [ 714619.320000000298023, 1427587.859999999403954 ], [ 714592.600000001490116, 1427488.200000002980232 ], [ 714569.390000000596046, 1427435.450000002980232 ], [ 714493.429999999701977, 1427308.850000001490116 ], [ 714394.300000000745058, 1427195.549999997019768 ], [ 714297.839999999850988, 1427111.609999999403954 ], [ 714226.001562498509884, 1427030.448124997317791 ], [ 714091.809999998658895, 1426878.840000003576279 ], [ 713908.390000000596046, 1426623.609999999403954 ] ] ] } },
{ "type": "Feature", "properties": { "ED": "TY_2", "DISTRICT": "2ND", "CNCLDIST": "1ST", "SWIS": "381700", "POLLING_PL": "CORLISS PARK COMMUNITY HALL", "ADDRESS": "1401 CORLISS PARK", "CITY": "TROY", "ZIP": "12182", "COMMUNITY": "TROY", "UPDATED": "2012-04-23", "LABEL": "TROY - 2ND" }, "geometry": { "type": "Polygon", "coordinates": [ [ [ 717582.370000001043081, 1441578.78999999910593 ], [ 717507.969999998807907, 1441478.719999998807907 ], [ 717287.309999998658895, 1441503.219999998807907 ], [ 717209.870000001043081, 1441507.179999999701977 ], [ 716944.170000001788139, 1441430.219999998807907 ], [ 716533.629999998956919, 1441326.530000001192093 ], [ 716185.140000000596046, 1441238.53999999910593 ], [ 715999.78999999910593, 1441201.109999999403954 ], [ 715797.969999998807907, 1441143.020000003278255 ], [ 715494.429999999701977, 1440984.490000002086163 ], [ 715416.469999998807907, 1440963.780000001192093 ], [ 715225.850000001490116, 1441030.270000003278255 ], [ 715080.260000001639128, 1441078.490000002086163 ], [ 714923.980000000447035, 1441130.229999996721745 ], [ 714764.679999999701977, 1441181.479999996721745 ], [ 714456.129999998956919, 1441287.479999996721745 ], [ 713722.059999998658895, 1441515.0 ], [ 713760.0, 1441632.719999998807907 ], [ 713836.719999998807907, 1441887.159999996423721 ], [ 713882.280000001192093, 1442048.770000003278255 ], [ 713931.489999998360872, 1442223.329999998211861 ], [ 713978.899999998509884, 1442427.020000003278255 ], [ 714017.050000000745058, 1442603.590000003576279 ], [ 714054.190000001341105, 1442816.649999998509884 ], [ 714084.719999998807907, 1443022.21000000089407 ], [ 714113.399999998509884, 1443242.75 ], [ 714124.030000001192093, 1443333.969999998807907 ], [ 714133.129999998956919, 1443536.880000002682209 ], [ 714137.510000001639128, 1443721.780000001192093 ], [ 714127.989999998360872, 1443922.259999997913837 ], [ 714126.690000001341105, 1444107.149999998509884 ], [ 714129.969999998807907, 1444186.450000002980232 ], [ 714137.629999998956919, 1444259.159999996423721 ], [ 714178.059999998658895, 1444396.119999997317791 ], [ 715052.314687501639128, 1444123.34468749910593 ], [ 715402.423437498509884, 1444014.271250002086163 ], [ 715644.795312501490116, 1443937.219999998807907 ], [ 715900.6953125, 1443855.810312502086163 ], [ 716319.78218749910593, 1443719.522187501192093 ], [ 716529.190000001341105, 1443649.130000002682209 ], [ 717840.64156249910593, 1443208.356562502682209 ], [ 717865.183125000447035, 1443200.07718750089407 ], [ 717843.579999998211861, 1442874.399999998509884 ], [ 717838.350000001490116, 1442660.21000000089407 ], [ 717812.230000000447035, 1442487.810000002384186 ], [ 717744.320000000298023, 1442174.359999999403954 ], [ 717634.609999999403954, 1441745.969999998807907 ], [ 717582.370000001043081, 1441578.78999999910593 ] ] ] } },
{ "type": "Feature", "properties": { "ED": "TY_1", "DISTRICT": "1ST", "CNCLDIST": "1ST", "SWIS": "381700", "POLLING_PL": "OAKWOOD BIBLE CHURCH", "ADDRESS": "260 OAKWOOD AVE", "CITY": "TROY", "ZIP": "12182", "COMMUNITY": "TROY", "UPDATED": "2019-02-07", "LABEL": "TROY - 1ST" }, "geometry": { "type": "Polygon", "coordinates": [ [ [ 719530.594374999403954, 1439097.733125001192093 ], [ 719610.540312498807907, 1438958.213749997317791 ], [ 719585.19624999910593, 1438947.308750003576279 ], [ 719322.617499999701977, 1438834.446562498807907 ], [ 719255.029062498360872, 1438976.707187503576279 ], [ 718559.151250001043081, 1438680.740312501788139 ], [ 718481.402812499552965, 1438647.694687500596046 ], [ 718274.449999999254942, 1438559.634374998509884 ], [ 718244.372812498360872, 1438546.821874998509884 ], [ 718229.388750001788139, 1438488.34468749910593 ], [ 717889.941874999552965, 1437163.173124998807907 ], [ 717667.704999998211861, 1436310.762812502682209 ], [ 717645.865625001490116, 1436227.926250003278255 ], [ 717489.714999999850988, 1435625.691249996423721 ], [ 717025.172187499701977, 1433658.385312497615814 ], [ 714967.190000001341105, 1434301.369999997317791 ], [ 715130.129999998956919, 1435226.119999997317791 ], [ 715097.070000000298023, 1435905.090000003576279 ], [ 715194.600000001490116, 1436207.71000000089407 ], [ 715385.129999998956919, 1436458.609999999403954 ], [ 715373.059999998658895, 1437627.25 ], [ 715469.559999998658895, 1438065.75 ], [ 715615.089999999850988, 1438471.880000002682209 ], [ 715619.75, 1438484.869999997317791 ], [ 715984.75, 1439345.75 ], [ 716196.75, 1439722.75 ], [ 716507.559999998658895, 1440152.0 ], [ 716949.629999998956919, 1440703.119999997317791 ], [ 717231.379999998956919, 1441034.75 ], [ 717507.969999998807907, 1441478.719999998807907 ], [ 717582.370000001043081, 1441578.78999999910593 ], [ 717634.609999999403954, 1441745.969999998807907 ], [ 717744.320000000298023, 1442174.359999999403954 ], [ 717812.230000000447035, 1442487.810000002384186 ], [ 717838.350000001490116, 1442660.21000000089407 ], [ 717843.579999998211861, 1442874.399999998509884 ], [ 717865.183125000447035, 1443200.07718750089407 ], [ 719093.677499998360872, 1442787.14156249910593 ], [ 719262.042500000447035, 1442406.689999997615814 ], [ 719413.640000000596046, 1442064.297499999403954 ], [ 719751.900625001639128, 1441300.102812498807907 ], [ 720330.030000001192093, 1440554.590000003576279 ], [ 720517.370000001043081, 1440313.5 ], [ 720501.101250000298023, 1440026.109062500298023 ], [ 720489.062187500298023, 1439811.285625003278255 ], [ 720470.595312498509884, 1439507.756562501192093 ], [ 719700.620000001043081, 1439171.682499997317791 ], [ 719530.594374999403954, 1439097.733125001192093 ] ] ] } },
{ "type": "Feature", "properties": { "ED": "TY_3", "DISTRICT": "3RD", "CNCLDIST": "1ST", "SWIS": "381700", "POLLING_PL": "LANSINGBURGH VETERANS CLUB", "ADDRESS": "777 1ST AVE", "CITY": "TROY", "ZIP": "12182", "COMMUNITY": "TROY", "UPDATED": "2021-09-11", "LABEL": "TROY - 3RD" }, "geometry": { "type": "Polygon", "coordinates": [ [ [ 715225.850000001490116, 1441030.270000003278255 ], [ 715416.469999998807907, 1440963.780000001192093 ], [ 715494.429999999701977, 1440984.490000002086163 ], [ 715797.969999998807907, 1441143.020000003278255 ], [ 715999.78999999910593, 1441201.109999999403954 ], [ 716185.140000000596046, 1441238.53999999910593 ], [ 716533.629999998956919, 1441326.530000001192093 ], [ 716944.170000001788139, 1441430.219999998807907 ], [ 717209.870000001043081, 1441507.179999999701977 ], [ 717287.309999998658895, 1441503.219999998807907 ], [ 717507.969999998807907, 1441478.719999998807907 ], [ 717231.379999998956919, 1441034.75 ], [ 716949.629999998956919, 1440703.119999997317791 ], [ 716507.559999998658895, 1440152.0 ], [ 716196.75, 1439722.75 ], [ 715984.75, 1439345.75 ], [ 715418.410000000149012, 1439513.270000003278255 ], [ 715284.140000000596046, 1439557.009999997913837 ], [ 714965.079999998211861, 1439659.810000002384186 ], [ 714657.21000000089407, 1439759.119999997317791 ], [ 714328.829999998211861, 1439865.659999996423721 ], [ 714021.390000000596046, 1439967.740000002086163 ], [ 713713.579999998211861, 1440071.119999997317791 ], [ 713571.239999998360872, 1440118.280000001192093 ], [ 713101.015937499701977, 1440256.642499998211861 ], [ 713147.498437501490116, 1440346.654375001788139 ], [ 713353.8828125, 1440688.551250003278255 ], [ 713603.879999998956919, 1441181.25 ], [ 713722.059999998658895, 1441515.0 ], [ 714456.129999998956919, 1441287.479999996721745 ], [ 714764.679999999701977, 1441181.479999996721745 ], [ 714923.980000000447035, 1441130.229999996721745 ], [ 715080.260000001639128, 1441078.490000002086163 ], [ 715225.850000001490116, 1441030.270000003278255 ] ] ] } },
{ "type": "Feature", "properties": { "ED": "TY_4", "DISTRICT": "4TH", "CNCLDIST": "1ST", "SWIS": "381700", "POLLING_PL": "LANSINGBURGH BOYS & GIRLS CLUB", "ADDRESS": "501 4TH AVE", "CITY": "TROY", "ZIP": "12182", "COMMUNITY": "TROY", "UPDATED": "2012-04-23", "LABEL": "TROY - 4TH" }, "geometry": { "type": "Polygon", "coordinates": [ [ [ 715063.649999998509884, 1437857.899999998509884 ], [ 715020.53999999910593, 1437723.929999999701977 ], [ 714856.379999998956919, 1437777.420000001788139 ], [ 714702.28999999910593, 1437827.670000001788139 ], [ 714385.28999999910593, 1437930.409999996423721 ], [ 714065.149999998509884, 1438039.46000000089407 ], [ 713748.719999998807907, 1438136.399999998509884 ], [ 713444.129999998956919, 1438224.409999996423721 ], [ 713141.019999999552965, 1438313.78999999910593 ], [ 712645.470624998211861, 1438469.818125002086163 ], [ 712748.940000001341105, 1438776.25 ], [ 712860.120000001043081, 1439353.25 ], [ 712909.943750001490116, 1439658.7109375 ], [ 712936.629999998956919, 1439763.380000002682209 ], [ 712945.639375001192093, 1439811.47562500089407 ], [ 713000.001562498509884, 1439992.461562499403954 ], [ 713035.183125000447035, 1440099.941562503576279 ], [ 713087.39156249910593, 1440230.259062498807907 ], [ 713101.015937499701977, 1440256.642499998211861 ], [ 713571.239999998360872, 1440118.280000001192093 ], [ 713713.579999998211861, 1440071.119999997317791 ], [ 714021.390000000596046, 1439967.740000002086163 ], [ 714328.829999998211861, 1439865.659999996423721 ], [ 714657.21000000089407, 1439759.119999997317791 ], [ 714965.079999998211861, 1439659.810000002384186 ], [ 715284.140000000596046, 1439557.009999997913837 ], [ 715418.410000000149012, 1439513.270000003278255 ], [ 715984.75, 1439345.75 ], [ 715619.75, 1438484.869999997317791 ], [ 715615.089999999850988, 1438471.880000002682209 ], [ 715525.280000001192093, 1438322.950000002980232 ], [ 715446.489999998360872, 1438191.030000001192093 ], [ 715399.920000001788139, 1438117.759999997913837 ], [ 715354.300000000745058, 1438087.990000002086163 ], [ 715157.859999999403954, 1437982.159999996423721 ], [ 715110.339999999850988, 1437935.270000003278255 ], [ 715063.649999998509884, 1437857.899999998509884 ] ] ] } },
{ "type": "Feature", "properties": { "ED": "TY_5", "DISTRICT": "5TH", "CNCLDIST": "1ST", "SWIS": "381700", "POLLING_PL": "LANSINGBURGH BOYS & GIRLS CLUB", "ADDRESS": "501 4TH AVE", "CITY": "TROY", "ZIP": "12182", "COMMUNITY": "TROY", "UPDATED": "2019-02-07", "LABEL": "TROY - 5TH" }, "geometry": { "type": "Polygon", "coordinates": [ [ [ 715469.559999998658895, 1438065.75 ], [ 715373.059999998658895, 1437627.25 ], [ 715385.129999998956919, 1436458.609999999403954 ], [ 715194.600000001490116, 1436207.71000000089407 ], [ 714891.109999999403954, 1436303.920000001788139 ], [ 714584.359999999403954, 1436406.560000002384186 ], [ 714440.870000001043081, 1435961.409999996423721 ], [ 714126.070000000298023, 1436059.78999999910593 ], [ 713808.75, 1436164.219999998807907 ], [ 713186.429999999701977, 1436364.100000001490116 ], [ 712874.129999998956919, 1436470.979999996721745 ], [ 712564.199999999254942, 1436568.119999997317791 ], [ 712096.362812500447035, 1436716.115000002086163 ], [ 712645.470624998211861, 1438469.818125002086163 ], [ 713141.019999999552965, 1438313.78999999910593 ], [ 713444.129999998956919, 1438224.409999996423721 ], [ 713748.719999998807907, 1438136.399999998509884 ], [ 714065.149999998509884, 1438039.46000000089407 ], [ 714385.28999999910593, 1437930.409999996423721 ], [ 714702.28999999910593, 1437827.670000001788139 ], [ 714856.379999998956919, 1437777.420000001788139 ], [ 715020.53999999910593, 1437723.929999999701977 ], [ 715063.649999998509884, 1437857.899999998509884 ], [ 715110.339999999850988, 1437935.270000003278255 ], [ 715157.859999999403954, 1437982.159999996423721 ], [ 715354.300000000745058, 1438087.990000002086163 ], [ 715399.920000001788139, 1438117.759999997913837 ], [ 715446.489999998360872, 1438191.030000001192093 ], [ 715525.280000001192093, 1438322.950000002980232 ], [ 715615.089999999850988, 1438471.880000002682209 ], [ 715469.559999998658895, 1438065.75 ] ] ] } },
{ "type": "Feature", "properties": { "ED": "TY_6", "DISTRICT": "6TH", "CNCLDIST": "1ST", "SWIS": "381700", "POLLING_PL": "LANSINGBURGH BOYS & GIRLS CLUB", "ADDRESS": "501 4TH AVE", "CITY": "TROY", "ZIP": "12182", "COMMUNITY": "TROY", "UPDATED": "2019-02-07", "LABEL": "TROY - 6TH" }, "geometry": { "type": "Polygon", "coordinates": [ [ [ 714126.070000000298023, 1436059.78999999910593 ], [ 714440.870000001043081, 1435961.409999996423721 ], [ 714584.359999999403954, 1436406.560000002384186 ], [ 714891.109999999403954, 1436303.920000001788139 ], [ 715194.600000001490116, 1436207.71000000089407 ], [ 715097.070000000298023, 1435905.090000003576279 ], [ 715130.129999998956919, 1435226.119999997317791 ], [ 714967.190000001341105, 1434301.369999997317791 ], [ 714846.739999998360872, 1434345.850000001490116 ], [ 714637.929999999701977, 1434414.119999997317791 ], [ 714013.440000001341105, 1434613.0 ], [ 713379.120000001043081, 1434821.549999997019768 ], [ 712751.940625000745058, 1435023.03999999910593 ], [ 712132.839999999850988, 1435219.119999997317791 ], [ 711699.040624998509884, 1435388.643124997615814 ], [ 711963.5, 1436274.0 ], [ 712096.362812500447035, 1436716.115000002086163 ], [ 712564.199999999254942, 1436568.119999997317791 ], [ 712874.129999998956919, 1436470.979999996721745 ], [ 713186.429999999701977, 1436364.100000001490116 ], [ 713808.75, 1436164.219999998807907 ], [ 714126.070000000298023, 1436059.78999999910593 ] ] ] } },
{ "type": "Feature", "properties": { "ED": "TY_7", "DISTRICT": "7TH", "CNCLDIST": "2ND", "SWIS": "381700", "POLLING_PL": "KNICKERBACKER ICE RINK", "ADDRESS": "191 103RD ST", "CITY": "TROY", "ZIP": "12180", "COMMUNITY": "TROY", "UPDATED": "2012-04-23", "LABEL": "TROY - 7TH" }, "geometry": { "type": "Polygon", "coordinates": [ [ [ 716800.351874999701977, 1431909.525312498211861 ], [ 716766.890000000596046, 1431821.179999999701977 ], [ 716719.280000001192093, 1431722.890000000596046 ], [ 716652.879999998956919, 1431625.189999997615814 ], [ 716575.730000000447035, 1431532.719999998807907 ], [ 716496.53999999910593, 1431444.840000003576279 ], [ 716295.050000000745058, 1431253.159999996423721 ], [ 715925.429999999701977, 1430904.609999999403954 ], [ 715573.300000000745058, 1430575.229999996721745 ], [ 715333.879999998956919, 1430354.829999998211861 ], [ 715311.03999999910593, 1430322.149999998509884 ], [ 715290.570000000298023, 1430283.560000002384186 ], [ 715276.839999999850988, 1430251.140000000596046 ], [ 715257.559999998658895, 1430189.109999999403954 ], [ 715222.579999998211861, 1430061.189999997615814 ], [ 715122.640000000596046, 1429747.009999997913837 ], [ 714893.809999998658895, 1429014.880000002682209 ], [ 713229.059999998658895, 1429126.75 ], [ 713592.629999998956919, 1429960.130000002682209 ], [ 713625.25, 1430046.380000002682209 ], [ 713907.480000000447035, 1430795.729999996721745 ], [ 713350.199999999254942, 1430921.520000003278255 ], [ 713187.719999998807907, 1430960.259999997913837 ], [ 713028.320000000298023, 1431001.070000000298023 ], [ 713157.089999999850988, 1431437.969999998807907 ], [ 712999.839999999850988, 1431485.670000001788139 ], [ 712841.28999999910593, 1431528.070000000298023 ], [ 712981.699999999254942, 1431981.869999997317791 ], [ 712829.670000001788139, 1432032.579999998211861 ], [ 712970.71000000089407, 1432484.579999998211861 ], [ 713113.579999998211861, 1432924.159999996423721 ], [ 712801.910000000149012, 1433019.909999996423721 ], [ 712482.800000000745058, 1433111.780000001192093 ], [ 712348.160000000149012, 1432681.21000000089407 ], [ 712025.78999999910593, 1432784.509999997913837 ], [ 711901.179999999701977, 1432336.409999996423721 ], [ 711803.399999998509884, 1431858.890000000596046 ], [ 711779.100000001490116, 1431372.259999997913837 ], [ 711652.260000001639128, 1430281.869999997317791 ], [ 711083.280000001192093, 1430377.820000000298023 ], [ 711205.809999998658895, 1430824.5 ], [ 711156.449999999254942, 1431560.359999999403954 ], [ 711146.879999998956919, 1432069.719999998807907 ], [ 711169.050000000745058, 1432834.03999999910593 ], [ 711189.429999999701977, 1433080.670000001788139 ], [ 711317.059999998658895, 1433924.630000002682209 ], [ 711558.494375001639128, 1434903.02437499910593 ], [ 711699.040624998509884, 1435388.643124997615814 ], [ 712132.839999999850988, 1435219.119999997317791 ], [ 712751.940625000745058, 1435023.03999999910593 ], [ 713379.120000001043081, 1434821.549999997019768 ], [ 714013.440000001341105, 1434613.0 ], [ 714637.929999999701977, 1434414.119999997317791 ], [ 714846.739999998360872, 1434345.850000001490116 ], [ 714967.190000001341105, 1434301.369999997317791 ], [ 717025.172187499701977, 1433658.385312497615814 ], [ 716817.739062499254942, 1432779.920000001788139 ], [ 716800.351874999701977, 1431909.525312498211861 ] ] ] } },
{ "type": "Feature", "properties": { "ED": "TY_12", "DISTRICT": "12TH", "CNCLDIST": "3RD", "SWIS": "381700", "POLLING_PL": "HILTON GARDEN INN", "ADDRESS": "235 HOOSICK ST", "CITY": "TROY", "ZIP": "12180", "COMMUNITY": "TROY", "UPDATED": "2021-09-11", "LABEL": "TROY - 12TH" }, "geometry": { "type": "Polygon", "coordinates": [ [ [ 717455.440000001341105, 1426685.5 ], [ 717621.309999998658895, 1426187.869999997317791 ], [ 717595.120000001043081, 1426094.380000002682209 ], [ 717598.879999998956919, 1425959.869999997317791 ], [ 717636.25, 1425643.990000002086163 ], [ 717701.219999998807907, 1425443.920000001788139 ], [ 717674.870000001043081, 1425436.920000001788139 ], [ 717340.269999999552965, 1425333.359999999403954 ], [ 717275.609999999403954, 1425225.149999998509884 ], [ 717195.309999998658895, 1425159.060000002384186 ], [ 717112.989999998360872, 1425099.71000000089407 ], [ 717013.640000000596046, 1425027.71000000089407 ], [ 716837.469999998807907, 1424900.170000001788139 ], [ 716783.280000001192093, 1424900.189999997615814 ], [ 716800.379999998956919, 1424725.479999996721745 ], [ 716812.75, 1424599.759999997913837 ], [ 716756.070000000298023, 1424599.649999998509884 ], [ 716712.079999998211861, 1424432.759999997913837 ], [ 716668.280000001192093, 1424431.609999999403954 ], [ 716651.850000001490116, 1424364.890000000596046 ], [ 716649.429999999701977, 1424229.329999998211861 ], [ 716648.149999998509884, 1424088.450000002980232 ], [ 716648.010000001639128, 1424029.149999998509884 ], [ 716653.71000000089407, 1423929.719999998807907 ], [ 716676.989999998360872, 1423786.350000001490116 ], [ 716683.370000001043081, 1423625.490000002086163 ], [ 717236.920000001788139, 1423654.21000000089407 ], [ 717301.129999998956919, 1423650.380000002682209 ], [ 716950.370000001043081, 1423487.409999996423721 ], [ 716826.010000001639128, 1423454.0 ], [ 716693.649999998509884, 1423425.450000002980232 ], [ 716545.370000001043081, 1423409.950000002980232 ], [ 716415.120000001043081, 1423413.530000001192093 ], [ 716316.910000000149012, 1423425.770000003278255 ], [ 716145.359999999403954, 1423459.75 ], [ 716008.190000001341105, 1423484.409999996423721 ], [ 715899.019999999552965, 1423507.560000002384186 ], [ 715068.199999999254942, 1423655.659999996423721 ], [ 714791.800000000745058, 1423711.240000002086163 ], [ 714325.21000000089407, 1423798.310000002384186 ], [ 714411.609999999403954, 1424224.020000003278255 ], [ 714533.260000001639128, 1424554.820000000298023 ], [ 714778.140000000596046, 1425146.770000003278255 ], [ 714847.140000000596046, 1425335.399999998509884 ], [ 714866.690000001341105, 1425421.630000002682209 ], [ 714932.359999999403954, 1425760.179999999701977 ], [ 714970.859999999403954, 1425942.609999999403954 ], [ 714999.640000000596046, 1426027.090000003576279 ], [ 715031.010000001639128, 1426067.5 ], [ 715107.440000001341105, 1426124.869999997317791 ], [ 715320.059999998658895, 1426445.369999997317791 ], [ 715286.820000000298023, 1426494.840000003576279 ], [ 715289.780000001192093, 1426525.009999997913837 ], [ 715288.300000000745058, 1426567.21000000089407 ], [ 715283.46000000089407, 1426593.170000001788139 ], [ 715244.620000001043081, 1426644.060000002384186 ], [ 715181.309999998658895, 1426660.719999998807907 ], [ 715035.870000001043081, 1426675.96000000089407 ], [ 714941.699999999254942, 1426680.007500000298023 ], [ 714866.28999999910593, 1426674.049999997019768 ], [ 714722.280000001192093, 1426659.240000002086163 ], [ 714570.129999998956919, 1426679.119999997317791 ], [ 714317.190000001341105, 1426776.869999997317791 ], [ 714091.809999998658895, 1426878.840000003576279 ], [ 714226.001562498509884, 1427030.448124997317791 ], [ 714297.839999999850988, 1427111.609999999403954 ], [ 714394.300000000745058, 1427195.549999997019768 ], [ 714493.429999999701977, 1427308.850000001490116 ], [ 714569.390000000596046, 1427435.450000002980232 ], [ 714592.600000001490116, 1427488.200000002980232 ], [ 714619.320000000298023, 1427587.859999999403954 ], [ 714626.5, 1427651.880000002682209 ], [ 714671.379999998956919, 1428056.009999997913837 ], [ 714691.309999998658895, 1428210.619999997317791 ], [ 714893.809999998658895, 1429014.880000002682209 ], [ 715122.640000000596046, 1429747.009999997913837 ], [ 715222.579999998211861, 1430061.189999997615814 ], [ 715257.559999998658895, 1430189.109999999403954 ], [ 715276.839999999850988, 1430251.140000000596046 ], [ 715290.570000000298023, 1430283.560000002384186 ], [ 715311.03999999910593, 1430322.149999998509884 ], [ 715333.879999998956919, 1430354.829999998211861 ], [ 715573.300000000745058, 1430575.229999996721745 ], [ 715925.429999999701977, 1430904.609999999403954 ], [ 716295.050000000745058, 1431253.159999996423721 ], [ 716496.53999999910593, 1431444.840000003576279 ], [ 716575.730000000447035, 1431532.719999998807907 ], [ 716652.879999998956919, 1431625.189999997615814 ], [ 716719.280000001192093, 1431722.890000000596046 ], [ 716766.890000000596046, 1431821.179999999701977 ], [ 716800.351874999701977, 1431909.525312498211861 ], [ 716797.559999998658895, 1431733.0 ], [ 716443.75, 1429736.630000002682209 ], [ 717455.440000001341105, 1426685.5 ] ] ] } },
{ "type": "Feature", "properties": { "ED": "TY_15", "DISTRICT": "15TH", "CNCLDIST": "4TH", "SWIS": "381700", "POLLING_PL": "HILTON GARDEN INN", "ADDRESS": "235 HOOSICK ST", "CITY": "TROY", "ZIP": "12180", "COMMUNITY": "TROY", "UPDATED": "2023-02-16", "LABEL": "TROY - 15TH" }, "geometry": { "type": "Polygon", "coordinates": [ [ [ 712957.449999999254942, 1419690.350000001490116 ], [ 712959.679999999701977, 1419659.200000002980232 ], [ 712966.230000000447035, 1419567.469999998807907 ], [ 712954.839999999850988, 1419469.979999996721745 ], [ 712861.760000001639128, 1419068.380000002682209 ], [ 712808.280000001192093, 1418873.409999996423721 ], [ 712784.019999999552965, 1418717.869999997317791 ], [ 712515.570000000298023, 1418766.149999998509884 ], [ 712251.100000001490116, 1418816.75 ], [ 712235.328437499701977, 1418688.10062500089407 ], [ 712228.405625000596046, 1418631.630000002682209 ], [ 712215.385000001639128, 1418588.227187499403954 ], [ 712199.108750000596046, 1418568.695937499403954 ], [ 712153.793124999850988, 1418551.544062502682209 ], [ 712115.074062500149012, 1418658.979687497019768 ], [ 712093.320000000298023, 1418719.28999999910593 ], [ 712068.429999999701977, 1418848.380000002682209 ], [ 712047.079999998211861, 1418958.899999998509884 ], [ 712029.629999998956919, 1419061.229999996721745 ], [ 712022.230000000447035, 1419202.780000001192093 ], [ 712009.829999998211861, 1419309.5 ], [ 711980.690000001341105, 1419381.119999997317791 ], [ 711917.160000000149012, 1419427.310000002384186 ], [ 711849.440000001341105, 1419461.5 ], [ 711788.359999999403954, 1419490.549999997019768 ], [ 711658.920000001788139, 1419545.909999996423721 ], [ 711496.559999998658895, 1419501.359999999403954 ], [ 711199.440000001341105, 1419464.369999997317791 ], [ 710705.5, 1419536.130000002682209 ], [ 710639.579999998211861, 1419567.280000001192093 ], [ 710473.440000001341105, 1419600.0 ], [ 710425.25, 1419349.130000002682209 ], [ 710109.75, 1418825.0 ], [ 710013.239999998360872, 1418834.380000002682209 ], [ 709841.140000000596046, 1418862.100000001490116 ], [ 709672.920000001788139, 1418887.46000000089407 ], [ 709710.859999999403954, 1419100.649999998509884 ], [ 709801.160000000149012, 1419703.109999999403954 ], [ 709863.609999999403954, 1420106.520000003278255 ], [ 709928.890000000596046, 1420562.130000002682209 ], [ 709996.589999999850988, 1421023.630000002682209 ], [ 710064.079999998211861, 1421474.929999999701977 ], [ 711392.440000001341105, 1421272.75 ], [ 711483.120000001043081, 1421757.630000002682209 ], [ 711735.850000001490116, 1421677.469999998807907 ], [ 711760.550000000745058, 1421660.100000001490116 ], [ 711787.980000000447035, 1421631.479999996721745 ], [ 711822.550000000745058, 1421588.560000002384186 ], [ 711935.113749999552965, 1421410.101250000298023 ], [ 711942.838750001043081, 1421397.853749997913837 ], [ 711982.059999998658895, 1421339.25 ], [ 712003.5, 1421309.280000001192093 ], [ 712033.25, 1421240.869999997317791 ], [ 712053.879999998956919, 1421192.700000002980232 ], [ 712065.83500000089407, 1421178.850000001490116 ], [ 712096.309999998658895, 1421162.75 ], [ 712118.260000001639128, 1421152.159999996423721 ], [ 712152.839999999850988, 1421142.619999997317791 ], [ 712198.010000001639128, 1421130.219999998807907 ], [ 712340.690000001341105, 1421089.429999999701977 ], [ 712394.890000000596046, 1421067.5 ], [ 712627.320000000298023, 1421023.350000001490116 ], [ 713179.21000000089407, 1420919.859999999403954 ], [ 713045.28999999910593, 1420268.219999998807907 ], [ 712985.410000000149012, 1419974.570000000298023 ], [ 712964.719999998807907, 1419880.170000001788139 ], [ 712954.100000001490116, 1419737.259999997913837 ], [ 712957.449999999254942, 1419690.350000001490116 ] ] ] } },
{ "type": "Feature", "properties": { "ED": "TY_11", "DISTRICT": "11TH", "CNCLDIST": "3RD", "SWIS": "381700", "POLLING_PL": "HILTON GARDEN INN", "ADDRESS": "235 HOOSICK ST", "CITY": "TROY", "ZIP": "12180", "COMMUNITY": "TROY", "UPDATED": "2021-09-11", "LABEL": "TROY - 11TH" }, "geometry": { "type": "Polygon", "coordinates": [ [ [ 711935.113749999552965, 1421410.101250000298023 ], [ 712005.089999999850988, 1421724.450000002980232 ], [ 712066.0, 1422008.920000001788139 ], [ 712146.019999999552965, 1422431.810000002384186 ], [ 712306.219999998807907, 1423211.409999996423721 ], [ 712474.5, 1424104.75 ], [ 712551.690000001341105, 1424470.119999997317791 ], [ 712682.690000001341105, 1424691.859999999403954 ], [ 712818.620000001043081, 1424925.880000002682209 ], [ 713067.989999998360872, 1425361.939999997615814 ], [ 713509.940000001341105, 1426028.5 ], [ 713767.620000001043081, 1426413.0 ], [ 713908.390000000596046, 1426623.609999999403954 ], [ 714091.809999998658895, 1426878.840000003576279 ], [ 714317.190000001341105, 1426776.869999997317791 ], [ 714570.129999998956919, 1426679.119999997317791 ], [ 714722.280000001192093, 1426659.240000002086163 ], [ 714866.28999999910593, 1426674.049999997019768 ], [ 714941.699999999254942, 1426680.007500000298023 ], [ 715035.870000001043081, 1426675.96000000089407 ], [ 715181.309999998658895, 1426660.719999998807907 ], [ 715244.620000001043081, 1426644.060000002384186 ], [ 715283.46000000089407, 1426593.170000001788139 ], [ 715288.300000000745058, 1426567.21000000089407 ], [ 715289.780000001192093, 1426525.009999997913837 ], [ 715286.820000000298023, 1426494.840000003576279 ], [ 715320.059999998658895, 1426445.369999997317791 ], [ 715107.440000001341105, 1426124.869999997317791 ], [ 715031.010000001639128, 1426067.5 ], [ 714999.640000000596046, 1426027.094999998807907 ], [ 714970.859999999403954, 1425942.609999999403954 ], [ 714932.359999999403954, 1425760.179999999701977 ], [ 714866.690000001341105, 1425421.630000002682209 ], [ 714847.140000000596046, 1425335.399999998509884 ], [ 714778.140000000596046, 1425146.770000003278255 ], [ 714533.260000001639128, 1424554.820000000298023 ], [ 714411.609999999403954, 1424224.024999998509884 ], [ 714325.21000000089407, 1423798.310000002384186 ], [ 714280.190000001341105, 1423807.53999999910593 ], [ 714091.870000001043081, 1422870.079999998211861 ], [ 714019.260000001639128, 1422485.700000002980232 ], [ 713942.309999998658895, 1422088.320000000298023 ], [ 713691.78999999910593, 1422131.009999997913837 ], [ 713432.019999999552965, 1422183.390000000596046 ], [ 713179.21000000089407, 1420919.859999999403954 ], [ 712627.320000000298023, 1421023.350000001490116 ], [ 712394.890000000596046, 1421067.5 ], [ 712340.690000001341105, 1421089.429999999701977 ], [ 712198.010000001639128, 1421130.219999998807907 ], [ 712152.839999999850988, 1421142.619999997317791 ], [ 712118.260000001639128, 1421152.159999996423721 ], [ 712096.309999998658895, 1421162.75 ], [ 712065.83500000089407, 1421178.850000001490116 ], [ 712053.879999998956919, 1421192.700000002980232 ], [ 712033.25, 1421240.869999997317791 ], [ 712003.5, 1421309.280000001192093 ], [ 711982.059999998658895, 1421339.25 ], [ 711942.838750001043081, 1421397.853749997913837 ], [ 711935.113749999552965, 1421410.101250000298023 ] ] ] } },
{ "type": "Feature", "properties": { "ED": "TY_16", "DISTRICT": "16TH", "CNCLDIST": "4TH", "SWIS": "381700", "POLLING_PL": "RENSSELAER COUNTY GOVERNMENT CENTER", "ADDRESS": "1600 7TH AVE", "CITY": "TROY", "ZIP": "12180", "COMMUNITY": "TROY", "UPDATED": "2023-02-16", "LABEL": "TROY - 16TH" }, "geometry": { "type": "Polygon", "coordinates": [ [ [ 710809.0, 1424128.130000002682209 ], [ 711068.75, 1424121.0 ], [ 711953.609999999403954, 1424129.359999999403954 ], [ 712213.719999998807907, 1424113.520000003278255 ], [ 712474.5, 1424104.75 ], [ 712306.219999998807907, 1423211.409999996423721 ], [ 712146.019999999552965, 1422431.810000002384186 ], [ 712066.0, 1422008.920000001788139 ], [ 712005.089999999850988, 1421724.450000002980232 ], [ 711935.113749999552965, 1421410.101250000298023 ], [ 711822.550000000745058, 1421588.560000002384186 ], [ 711787.980000000447035, 1421631.479999996721745 ], [ 711760.550000000745058, 1421660.100000001490116 ], [ 711735.850000001490116, 1421677.469999998807907 ], [ 711483.120000001043081, 1421757.630000002682209 ], [ 711392.440000001341105, 1421272.75 ], [ 710064.079999998211861, 1421474.929999999701977 ], [ 709739.620000001043081, 1421531.030000001192093 ], [ 709923.589999999850988, 1422916.240000002086163 ], [ 709970.769999999552965, 1423060.229999996721745 ], [ 710080.75, 1423570.689999997615814 ], [ 710108.870000001043081, 1424207.009999997913837 ], [ 710119.870000001043081, 1424295.100000001490116 ], [ 710240.309999998658895, 1424254.0 ], [ 710574.620000001043081, 1424150.380000002682209 ], [ 710809.0, 1424128.130000002682209 ] ] ] } },
{ "type": "Feature", "properties": { "ED": "TY_24", "DISTRICT": "24TH", "CNCLDIST": "5TH", "SWIS": "381700", "POLLING_PL": "PAWLING AVENUE METHODIST CHURCH", "ADDRESS": "520 PAWLING AVE", "CITY": "TROY", "ZIP": "12180", "COMMUNITY": "TROY", "UPDATED": "2023-02-16", "LABEL": "TROY - 24TH" }, "geometry": { "type": "Polygon", "coordinates": [ [ [ 710209.350000001490116, 1411060.810000002384186 ], [ 710432.309999998658895, 1411075.060000002384186 ], [ 710594.089999999850988, 1411087.630000002682209 ], [ 710862.449999999254942, 1411120.030000001192093 ], [ 710959.25, 1411125.100000001490116 ], [ 711165.179999999701977, 1411125.509999997913837 ], [ 711246.030000001192093, 1411135.479999996721745 ], [ 711449.300000000745058, 1411244.799999997019768 ], [ 711618.170000001788139, 1411370.329999998211861 ], [ 711960.600000001490116, 1411747.310000002384186 ], [ 712073.170000001788139, 1411832.079999998211861 ], [ 712200.519999999552965, 1411905.829999998211861 ], [ 712586.230000000447035, 1412078.21000000089407 ], [ 712889.859999999403954, 1412255.299999997019768 ], [ 712935.839999999850988, 1411974.609999999403954 ], [ 712987.670000001788139, 1411781.71000000089407 ], [ 713098.339999999850988, 1411660.679999999701977 ], [ 713141.0, 1411599.270000003278255 ], [ 713176.640000000596046, 1411508.340000003576279 ], [ 713213.660000000149012, 1411332.240000002086163 ], [ 713298.949999999254942, 1411000.670000001788139 ], [ 713356.71000000089407, 1410737.810000002384186 ], [ 713361.719999998807907, 1410610.0 ], [ 713362.239999998360872, 1410342.890000000596046 ], [ 713432.440000001341105, 1410114.850000001490116 ], [ 713458.620000001043081, 1410022.649999998509884 ], [ 713512.129999998956919, 1409860.829999998211861 ], [ 713581.809999998658895, 1409606.229999996721745 ], [ 714262.21000000089407, 1409808.560000002384186 ], [ 714677.0, 1409944.780000001192093 ], [ 714906.559999998658895, 1408545.359999999403954 ], [ 714286.39937499910593, 1408473.421562500298023 ], [ 713724.636250000447035, 1408408.548124998807907 ], [ 713484.957812499254942, 1408380.868437498807907 ], [ 713269.804062500596046, 1408356.044687502086163 ], [ 712147.039687499403954, 1408226.385312497615814 ], [ 710511.379999998956919, 1408038.619999997317791 ], [ 710487.809999998658895, 1408036.0 ], [ 710363.730000000447035, 1408404.829999998211861 ], [ 710179.280000001192093, 1409108.280000001192093 ], [ 710066.059999998658895, 1409539.869999997317791 ], [ 710058.129999998956919, 1409784.880000002682209 ], [ 710163.850000001490116, 1410087.130000002682209 ], [ 710308.71000000089407, 1410561.340000003576279 ], [ 710303.120000001043081, 1410707.130000002682209 ], [ 710285.739999998360872, 1410832.090000003576279 ], [ 710256.059999998658895, 1410954.590000003576279 ], [ 710209.350000001490116, 1411060.810000002384186 ] ] ] } },
{ "type": "Feature", "properties": { "ED": "TY_13", "DISTRICT": "13TH", "CNCLDIST": "3RD", "SWIS": "381700", "POLLING_PL": "CONWAY COURT APARTMENTS", "ADDRESS": "12 CONWAY CT", "CITY": "TROY", "ZIP": "12180", "COMMUNITY": "TROY", "UPDATED": "2012-04-23", "LABEL": "TROY - 13TH" }, "geometry": { "type": "Polygon", "coordinates": [ [ [ 717937.190000001341105, 1425234.630000002682209 ], [ 718278.809999998658895, 1424203.369999997317791 ], [ 718289.059999998658895, 1424170.119999997317791 ], [ 718502.329999998211861, 1422289.593437500298023 ], [ 718287.600000001490116, 1422424.520000003278255 ], [ 718259.370000001043081, 1422543.399999998509884 ], [ 718203.219999998807907, 1422850.229999996721745 ], [ 717835.839999999850988, 1422285.369999997317791 ], [ 717316.469999998807907, 1421508.890000000596046 ], [ 716246.589999999850988, 1419957.409999996423721 ], [ 716158.989999998360872, 1419788.560000002384186 ], [ 716081.760000001639128, 1419622.600000001490116 ], [ 715969.370000001043081, 1419408.75 ], [ 715702.820000000298023, 1419678.03999999910593 ], [ 715599.559999998658895, 1420088.880000002682209 ], [ 715589.170000001788139, 1420163.520000003278255 ], [ 715593.890000000596046, 1420225.880000002682209 ], [ 715605.230000000447035, 1420280.670000001788139 ], [ 715627.899999998509884, 1420344.929999999701977 ], [ 715709.160000000149012, 1420480.990000002086163 ], [ 715733.730000000447035, 1420532.009999997913837 ], [ 715748.839999999850988, 1420567.909999996423721 ], [ 715869.0, 1420961.429999999701977 ], [ 715913.449999999254942, 1420983.109999999403954 ], [ 715942.019999999552965, 1420991.420000001788139 ], [ 715963.379999998956919, 1421007.469999998807907 ], [ 715982.890000000596046, 1421029.030000001192093 ], [ 716064.949999999254942, 1421177.109999999403954 ], [ 716165.96000000089407, 1421351.689999997615814 ], [ 716466.809999998658895, 1421705.270000003278255 ], [ 716825.75, 1422107.149999998509884 ], [ 716848.589999999850988, 1422145.049999997019768 ], [ 716881.809999998658895, 1422290.369999997317791 ], [ 716955.809999998658895, 1422628.0 ], [ 715883.670000001788139, 1422828.880000002682209 ], [ 716008.190000001341105, 1423484.409999996423721 ], [ 716145.359999999403954, 1423459.75 ], [ 716316.910000000149012, 1423425.770000003278255 ], [ 716415.120000001043081, 1423413.530000001192093 ], [ 716545.370000001043081, 1423409.950000002980232 ], [ 716693.649999998509884, 1423425.450000002980232 ], [ 716826.010000001639128, 1423454.0 ], [ 716950.370000001043081, 1423487.409999996423721 ], [ 717301.129999998956919, 1423650.380000002682209 ], [ 717236.920000001788139, 1423654.21000000089407 ], [ 716683.370000001043081, 1423625.490000002086163 ], [ 716676.989999998360872, 1423786.350000001490116 ], [ 716653.71000000089407, 1423929.719999998807907 ], [ 716648.010000001639128, 1424029.149999998509884 ], [ 716648.149999998509884, 1424088.450000002980232 ], [ 716649.429999999701977, 1424229.329999998211861 ], [ 716651.850000001490116, 1424364.890000000596046 ], [ 716668.280000001192093, 1424431.609999999403954 ], [ 716712.079999998211861, 1424432.759999997913837 ], [ 716756.070000000298023, 1424599.649999998509884 ], [ 716812.75, 1424599.759999997913837 ], [ 716800.379999998956919, 1424725.479999996721745 ], [ 716783.280000001192093, 1424900.189999997615814 ], [ 716837.469999998807907, 1424900.170000001788139 ], [ 717013.640000000596046, 1425027.71000000089407 ], [ 717112.989999998360872, 1425099.71000000089407 ], [ 717195.309999998658895, 1425159.060000002384186 ], [ 717275.609999999403954, 1425225.149999998509884 ], [ 717340.269999999552965, 1425333.359999999403954 ], [ 717674.870000001043081, 1425436.920000001788139 ], [ 717701.219999998807907, 1425443.920000001788139 ], [ 717636.25, 1425643.990000002086163 ], [ 717598.879999998956919, 1425959.869999997317791 ], [ 717595.120000001043081, 1426094.380000002682209 ], [ 717621.309999998658895, 1426187.869999997317791 ], [ 717708.629999998956919, 1425924.380000002682209 ], [ 717937.190000001341105, 1425234.630000002682209 ] ] ] } },
{ "type": "Feature", "properties": { "ED": "TY_14", "DISTRICT": "14TH", "CNCLDIST": "3RD", "SWIS": "381700", "POLLING_PL": "HILTON GARDEN INN", "ADDRESS": "235 HOOSICK ST", "CITY": "TROY", "ZIP": "12180", "COMMUNITY": "TROY", "UPDATED": "2023-02-16", "LABEL": "TROY - 14TH" }, "geometry": { "type": "Polygon", "coordinates": [ [ [ 716825.75, 1422107.149999998509884 ], [ 716466.809999998658895, 1421705.270000003278255 ], [ 716165.96000000089407, 1421351.689999997615814 ], [ 716064.949999999254942, 1421177.109999999403954 ], [ 715982.890000000596046, 1421029.030000001192093 ], [ 715963.379999998956919, 1421007.469999998807907 ], [ 715942.019999999552965, 1420991.420000001788139 ], [ 715913.449999999254942, 1420983.109999999403954 ], [ 715869.0, 1420961.429999999701977 ], [ 715748.839999999850988, 1420567.909999996423721 ], [ 715733.730000000447035, 1420532.009999997913837 ], [ 715709.160000000149012, 1420480.990000002086163 ], [ 715627.899999998509884, 1420344.929999999701977 ], [ 715605.230000000447035, 1420280.670000001788139 ], [ 715593.890000000596046, 1420225.880000002682209 ], [ 715589.170000001788139, 1420163.520000003278255 ], [ 715599.559999998658895, 1420088.880000002682209 ], [ 715702.820000000298023, 1419678.03999999910593 ], [ 715969.370000001043081, 1419408.75 ], [ 715774.170000001788139, 1418975.090000003576279 ], [ 715750.780000001192093, 1418944.679999999701977 ], [ 715711.5, 1418927.920000001788139 ], [ 715634.570000000298023, 1418913.979999996721745 ], [ 714236.379999998956919, 1418753.689999997615814 ], [ 714118.239999998360872, 1418766.570000000298023 ], [ 714076.030000001192093, 1418777.979999996721745 ], [ 713666.620000001043081, 1418878.21000000089407 ], [ 713697.359999999403954, 1418987.390000000596046 ], [ 713696.5, 1419035.140000000596046 ], [ 713673.929999999701977, 1419104.570000000298023 ], [ 713634.0, 1419200.929999999701977 ], [ 713604.489999998360872, 1419248.670000001788139 ], [ 713562.670000001788139, 1419318.820000000298023 ], [ 713477.410000000149012, 1419411.740000002086163 ], [ 713364.719999998807907, 1419484.310000002384186 ], [ 713278.089999999850988, 1419555.340000003576279 ], [ 713209.239999998360872, 1419593.020000003278255 ], [ 713141.219999998807907, 1419621.179999999701977 ], [ 713101.370000001043081, 1419640.240000002086163 ], [ 713035.530000001192093, 1419664.490000002086163 ], [ 712957.449999999254942, 1419690.350000001490116 ], [ 712954.100000001490116, 1419737.259999997913837 ], [ 712964.719999998807907, 1419880.170000001788139 ], [ 712985.410000000149012, 1419974.570000000298023 ], [ 713045.28999999910593, 1420268.219999998807907 ], [ 713179.21000000089407, 1420919.859999999403954 ], [ 713432.019999999552965, 1422183.390000000596046 ], [ 713691.78999999910593, 1422131.009999997913837 ], [ 713942.309999998658895, 1422088.320000000298023 ], [ 714019.260000001639128, 1422485.700000002980232 ], [ 714091.870000001043081, 1422870.079999998211861 ], [ 714280.190000001341105, 1423807.53999999910593 ], [ 714325.21000000089407, 1423798.310000002384186 ], [ 714791.800000000745058, 1423711.240000002086163 ], [ 715068.199999999254942, 1423655.659999996423721 ], [ 715899.019999999552965, 1423507.560000002384186 ], [ 716008.190000001341105, 1423484.409999996423721 ], [ 715883.670000001788139, 1422828.880000002682209 ], [ 716955.809999998658895, 1422628.0 ], [ 716881.809999998658895, 1422290.369999997317791 ], [ 716848.589999999850988, 1422145.049999997019768 ], [ 716825.75, 1422107.149999998509884 ] ] ] } },
{ "type": "Feature", "properties": { "ED": "TY_21", "DISTRICT": "21ST", "CNCLDIST": "5TH", "SWIS": "381700", "POLLING_PL": "AGAPE APOSTOLIC CHURCH OF DELIVERANCE", "ADDRESS": "1010 MADISON AVE", "CITY": "TROY", "ZIP": "12180", "COMMUNITY": "TROY", "UPDATED": "2023-02-16", "LABEL": "TROY - 21ST" }, "geometry": { "type": "Polygon", "coordinates": [ [ [ 718742.940000001341105, 1415357.119999997317791 ], [ 718890.449999999254942, 1415349.719999998807907 ], [ 718942.699999999254942, 1415349.820000000298023 ], [ 719059.5, 1415353.179999999701977 ], [ 719289.0, 1415383.25 ], [ 719704.690000001341105, 1411708.369999997317791 ], [ 719766.721562501043081, 1411140.618437498807907 ], [ 719839.26468750089407, 1410437.654687501490116 ], [ 719893.629999998956919, 1409767.5 ], [ 719760.820000000298023, 1409867.310000002384186 ], [ 719436.850000001490116, 1410142.030000001192093 ], [ 719312.730000000447035, 1410238.409999996423721 ], [ 719039.269999999552965, 1410349.049999997019768 ], [ 718840.320000000298023, 1410424.780000001192093 ], [ 718771.230000000447035, 1410474.950000002980232 ], [ 718668.969999998807907, 1410576.810000002384186 ], [ 718567.370000001043081, 1410721.719999998807907 ], [ 718403.989999998360872, 1410948.579999998211861 ], [ 718391.390000000596046, 1410969.429999999701977 ], [ 718253.309999998658895, 1411165.21000000089407 ], [ 718158.129999998956919, 1411295.140000000596046 ], [ 717940.420000001788139, 1411604.450000002980232 ], [ 717791.739999998360872, 1411783.96000000089407 ], [ 717600.780000001192093, 1412023.369999997317791 ], [ 717441.78999999910593, 1412277.549999997019768 ], [ 717416.510000001639128, 1412319.75 ], [ 717290.190000001341105, 1412538.0 ], [ 716997.519999999552965, 1413054.619999997317791 ], [ 716939.370000001043081, 1413161.020000003278255 ], [ 716825.329999998211861, 1413197.079999998211861 ], [ 716367.230000000447035, 1413341.939999997615814 ], [ 715777.800000000745058, 1413479.340000003576279 ], [ 715353.03999999910593, 1413588.549999997019768 ], [ 715613.399999998509884, 1413941.299999997019768 ], [ 716090.129999998956919, 1414568.009999997913837 ], [ 716589.530000001192093, 1414861.439999997615814 ], [ 716591.829999998211861, 1414929.140000000596046 ], [ 716700.070000000298023, 1415435.570000000298023 ], [ 716805.079999998211861, 1415934.189999997615814 ], [ 717149.600000001490116, 1415853.25 ], [ 717778.429999999701977, 1415635.329999998211861 ], [ 718319.660000000149012, 1415446.46000000089407 ], [ 718470.929999999701977, 1415402.700000002980232 ], [ 718607.719999998807907, 1415376.850000001490116 ], [ 718742.940000001341105, 1415357.119999997317791 ] ] ] } },
{ "type": "Feature", "properties": { "ED": "TY_23", "DISTRICT": "23RD", "CNCLDIST": "5TH", "SWIS": "381700", "POLLING_PL": "SCHOOL 16", "ADDRESS": "40 COLLINS AVE", "CITY": "TROY", "ZIP": "12180", "COMMUNITY": "TROY", "UPDATED": "2023-02-16", "LABEL": "TROY - 23RD" }, "geometry": { "type": "Polygon", "coordinates": [ [ [ 716997.519999999552965, 1413054.619999997317791 ], [ 717290.190000001341105, 1412538.0 ], [ 717416.510000001639128, 1412319.75 ], [ 717441.78999999910593, 1412277.549999997019768 ], [ 717600.780000001192093, 1412023.369999997317791 ], [ 717791.739999998360872, 1411783.96000000089407 ], [ 717940.420000001788139, 1411604.450000002980232 ], [ 718158.129999998956919, 1411295.140000000596046 ], [ 718253.309999998658895, 1411165.21000000089407 ], [ 718391.390000000596046, 1410969.429999999701977 ], [ 718403.989999998360872, 1410948.579999998211861 ], [ 718567.370000001043081, 1410721.719999998807907 ], [ 718668.969999998807907, 1410576.810000002384186 ], [ 718771.230000000447035, 1410474.950000002980232 ], [ 718840.320000000298023, 1410424.780000001192093 ], [ 719039.269999999552965, 1410349.049999997019768 ], [ 719312.730000000447035, 1410238.409999996423721 ], [ 719436.850000001490116, 1410142.030000001192093 ], [ 719760.820000000298023, 1409867.310000002384186 ], [ 719893.629999998956919, 1409767.5 ], [ 719903.620000001043081, 1409645.75 ], [ 719938.0, 1409215.130000002682209 ], [ 719852.753125000745058, 1409200.666562497615814 ], [ 719795.14937499910593, 1409191.435625001788139 ], [ 719068.918749999254942, 1409074.997500002384186 ], [ 718662.337499998509884, 1409009.768124997615814 ], [ 718360.870937500149012, 1408961.441562503576279 ], [ 718135.690000001341105, 1408920.0 ], [ 718023.165937498211861, 1408907.312812499701977 ], [ 717936.690000001341105, 1408896.5 ], [ 717196.690000001341105, 1408809.25 ], [ 717034.809999998658895, 1408790.119999997317791 ], [ 716915.059999998658895, 1408776.0 ], [ 716842.190000001341105, 1408767.380000002682209 ], [ 716693.309999998658895, 1408749.880000002682209 ], [ 716643.120000001043081, 1408744.0 ], [ 716610.809999998658895, 1408740.130000002682209 ], [ 714906.559999998658895, 1408545.359999999403954 ], [ 714677.0, 1409944.780000001192093 ], [ 714552.719999998807907, 1410802.409999996423721 ], [ 715009.050000000745058, 1410683.560000002384186 ], [ 715612.379999998956919, 1411450.119999997317791 ], [ 715671.989999998360872, 1411651.399999998509884 ], [ 715729.440000001341105, 1411737.189999997615814 ], [ 715758.870000001043081, 1411787.530000001192093 ], [ 715805.910000000149012, 1411820.700000002980232 ], [ 715854.980000000447035, 1411851.630000002682209 ], [ 715904.03999999910593, 1411882.549999997019768 ], [ 715941.769999999552965, 1411906.320000000298023 ], [ 715936.699999999254942, 1411916.600000001490116 ], [ 715948.730000000447035, 1411924.179999999701977 ], [ 716004.140000000596046, 1411959.109999999403954 ], [ 716027.059999998658895, 1411973.630000002682209 ], [ 716059.559999998658895, 1411994.030000001192093 ], [ 716086.339999999850988, 1412010.71000000089407 ], [ 716114.969999998807907, 1412028.96000000089407 ], [ 716146.899999998509884, 1412049.079999998211861 ], [ 716170.379999998956919, 1412063.880000002682209 ], [ 716206.530000001192093, 1412086.119999997317791 ], [ 716242.280000001192093, 1412109.189999997615814 ], [ 716265.149999998509884, 1412123.609999999403954 ], [ 716287.510000001639128, 1412126.079999998211861 ], [ 716311.170000001788139, 1412141.070000000298023 ], [ 716357.410000000149012, 1412170.71000000089407 ], [ 716370.300000000745058, 1412218.159999996423721 ], [ 716372.929999999701977, 1412227.369999997317791 ], [ 716396.219999998807907, 1412309.340000003576279 ], [ 716400.239999998360872, 1412323.490000002086163 ], [ 716417.920000001788139, 1412390.21000000089407 ], [ 716427.600000001490116, 1412425.920000001788139 ], [ 716434.730000000447035, 1412454.240000002086163 ], [ 716395.309999998658895, 1412515.159999996423721 ], [ 716426.629999998956919, 1412535.659999996423721 ], [ 716448.140000000596046, 1412502.770000003278255 ], [ 716455.219999998807907, 1412528.659999996423721 ], [ 716470.420000001788139, 1412584.439999997615814 ], [ 716485.480000000447035, 1412649.579999998211861 ], [ 716505.100000001490116, 1412648.25 ], [ 716753.219999998807907, 1412897.350000001490116 ], [ 716791.309999998658895, 1412944.619999997317791 ], [ 716810.949999999254942, 1412969.649999998509884 ], [ 716817.850000001490116, 1412986.78999999910593 ], [ 716831.719999998807907, 1413023.130000002682209 ], [ 716848.309999998658895, 1413066.340000003576279 ], [ 716880.21000000089407, 1413152.340000003576279 ], [ 716939.370000001043081, 1413161.020000003278255 ], [ 716997.519999999552965, 1413054.619999997317791 ] ] ] } },
{ "type": "Feature", "properties": { "ED": "TY_27", "DISTRICT": "27TH", "CNCLDIST": "6TH", "SWIS": "381700", "POLLING_PL": "AGAPE APOSTOLIC CHURCH OF DELIVERANCE", "ADDRESS": "1010 MADISON AVE", "CITY": "TROY", "ZIP": "12180", "COMMUNITY": "TROY", "UPDATED": "2017-10-30", "LABEL": "TROY - 27TH" }, "geometry": { "type": "Polygon", "coordinates": [ [ [ 714239.5, 1414175.200000002980232 ], [ 714748.640000000596046, 1413903.03999999910593 ], [ 714921.78999999910593, 1413810.990000002086163 ], [ 715082.030000001192093, 1413886.75 ], [ 715183.820000000298023, 1413707.320000000298023 ], [ 715247.690000001341105, 1413616.719999998807907 ], [ 715105.530000001192093, 1413633.619999997317791 ], [ 715001.359999999403954, 1413624.859999999403954 ], [ 714883.730000000447035, 1413601.310000002384186 ], [ 714714.78999999910593, 1413544.859999999403954 ], [ 714555.550000000745058, 1413445.03999999910593 ], [ 714427.100000001490116, 1413327.109999999403954 ], [ 714268.219999998807907, 1413126.340000003576279 ], [ 714016.21000000089407, 1412872.070000000298023 ], [ 713891.660000000149012, 1412742.179999999701977 ], [ 713682.620000001043081, 1412620.659999996423721 ], [ 713608.170000001788139, 1412582.759999997913837 ], [ 713372.734062500298023, 1412488.490312501788139 ], [ 713124.824062500149012, 1412373.980312496423721 ], [ 712889.859999999403954, 1412255.299999997019768 ], [ 712586.230000000447035, 1412078.21000000089407 ], [ 712200.519999999552965, 1411905.829999998211861 ], [ 712073.170000001788139, 1411832.079999998211861 ], [ 711960.600000001490116, 1411747.310000002384186 ], [ 711618.170000001788139, 1411370.329999998211861 ], [ 711449.300000000745058, 1411244.799999997019768 ], [ 711246.030000001192093, 1411135.479999996721745 ], [ 711165.179999999701977, 1411125.509999997913837 ], [ 710959.25, 1411125.100000001490116 ], [ 710862.449999999254942, 1411120.030000001192093 ], [ 710594.089999999850988, 1411087.630000002682209 ], [ 710432.309999998658895, 1411075.060000002384186 ], [ 710209.350000001490116, 1411060.810000002384186 ], [ 710140.760000001639128, 1411166.380000002682209 ], [ 710125.489999998360872, 1411309.380000002682209 ], [ 710134.370000001043081, 1411340.21000000089407 ], [ 710208.769999999552965, 1411390.399999998509884 ], [ 710240.769999999552965, 1411418.729999996721745 ], [ 710282.440000001341105, 1411466.609999999403954 ], [ 710295.260000001639128, 1411508.729999996721745 ], [ 710286.100000001490116, 1411677.189999997615814 ], [ 710275.980000000447035, 1411785.969999998807907 ], [ 710430.379999998956919, 1413069.75 ], [ 710475.140000000596046, 1413660.719999998807907 ], [ 710485.089999999850988, 1413809.670000001788139 ], [ 710510.879999998956919, 1414229.0 ], [ 710611.260000001639128, 1414291.329999998211861 ], [ 710703.519999999552965, 1414372.390000000596046 ], [ 710781.769999999552965, 1414405.909999996423721 ], [ 711063.129999998956919, 1414314.03999999910593 ], [ 711648.920000001788139, 1414118.770000003278255 ], [ 711708.980000000447035, 1414247.320000000298023 ], [ 712137.949999999254942, 1415009.880000002682209 ], [ 712272.730000000447035, 1415242.890000000596046 ], [ 712502.510000001639128, 1415123.850000001490116 ], [ 713243.100000001490116, 1414717.280000001192093 ], [ 713381.609999999403954, 1414648.359999999403954 ], [ 714239.5, 1414175.200000002980232 ] ] ] } },
{ "type": "Feature", "properties": { "ED": "TY_22", "DISTRICT": "22ND", "CNCLDIST": "5TH", "SWIS": "381700", "POLLING_PL": "SCHOOL 16", "ADDRESS": "40 COLLINS AVE", "CITY": "TROY", "ZIP": "12180", "COMMUNITY": "TROY", "UPDATED": "2023-02-16", "LABEL": "TROY - 22ND" }, "geometry": { "type": "Polygon", "coordinates": [ [ [ 716753.219999998807907, 1412897.350000001490116 ], [ 716505.100000001490116, 1412648.25 ], [ 716485.480000000447035, 1412649.579999998211861 ], [ 716470.420000001788139, 1412584.439999997615814 ], [ 716455.219999998807907, 1412528.659999996423721 ], [ 716448.140000000596046, 1412502.770000003278255 ], [ 716426.629999998956919, 1412535.659999996423721 ], [ 716395.309999998658895, 1412515.159999996423721 ], [ 716434.730000000447035, 1412454.240000002086163 ], [ 716427.600000001490116, 1412425.920000001788139 ], [ 716417.920000001788139, 1412390.21000000089407 ], [ 716400.239999998360872, 1412323.490000002086163 ], [ 716396.219999998807907, 1412309.340000003576279 ], [ 716372.929999999701977, 1412227.369999997317791 ], [ 716370.300000000745058, 1412218.159999996423721 ], [ 716357.410000000149012, 1412170.71000000089407 ], [ 716311.170000001788139, 1412141.070000000298023 ], [ 716287.510000001639128, 1412126.079999998211861 ], [ 716265.149999998509884, 1412123.609999999403954 ], [ 716242.280000001192093, 1412109.189999997615814 ], [ 716206.530000001192093, 1412086.119999997317791 ], [ 716170.379999998956919, 1412063.880000002682209 ], [ 716146.899999998509884, 1412049.079999998211861 ], [ 716114.969999998807907, 1412028.96000000089407 ], [ 716086.339999999850988, 1412010.71000000089407 ], [ 716059.559999998658895, 1411994.030000001192093 ], [ 716027.059999998658895, 1411973.630000002682209 ], [ 716004.140000000596046, 1411959.109999999403954 ], [ 715948.730000000447035, 1411924.179999999701977 ], [ 715936.699999999254942, 1411916.600000001490116 ], [ 715941.769999999552965, 1411906.320000000298023 ], [ 715904.03999999910593, 1411882.549999997019768 ], [ 715854.980000000447035, 1411851.630000002682209 ], [ 715805.910000000149012, 1411820.700000002980232 ], [ 715758.870000001043081, 1411787.530000001192093 ], [ 715729.440000001341105, 1411737.189999997615814 ], [ 715671.989999998360872, 1411651.399999998509884 ], [ 715612.379999998956919, 1411450.119999997317791 ], [ 715009.050000000745058, 1410683.560000002384186 ], [ 714552.719999998807907, 1410802.409999996423721 ], [ 714677.0, 1409944.780000001192093 ], [ 714262.21000000089407, 1409808.560000002384186 ], [ 713581.809999998658895, 1409606.229999996721745 ], [ 713512.129999998956919, 1409860.829999998211861 ], [ 713458.620000001043081, 1410022.649999998509884 ], [ 713432.440000001341105, 1410114.850000001490116 ], [ 713362.239999998360872, 1410342.890000000596046 ], [ 713361.719999998807907, 1410610.0 ], [ 713356.71000000089407, 1410737.810000002384186 ], [ 713298.949999999254942, 1411000.670000001788139 ], [ 713213.660000000149012, 1411332.240000002086163 ], [ 713176.640000000596046, 1411508.340000003576279 ], [ 713141.0, 1411599.270000003278255 ], [ 713098.339999999850988, 1411660.679999999701977 ], [ 712987.670000001788139, 1411781.71000000089407 ], [ 712935.839999999850988, 1411974.609999999403954 ], [ 712889.859999999403954, 1412255.299999997019768 ], [ 713124.824062500149012, 1412373.980312496423721 ], [ 713372.734062500298023, 1412488.490312501788139 ], [ 713608.170000001788139, 1412582.759999997913837 ], [ 713682.620000001043081, 1412620.659999996423721 ], [ 713891.660000000149012, 1412742.179999999701977 ], [ 714016.21000000089407, 1412872.070000000298023 ], [ 714268.219999998807907, 1413126.340000003576279 ], [ 714427.100000001490116, 1413327.109999999403954 ], [ 714555.550000000745058, 1413445.03999999910593 ], [ 714714.78999999910593, 1413544.859999999403954 ], [ 714883.730000000447035, 1413601.310000002384186 ], [ 715001.359999999403954, 1413624.859999999403954 ], [ 715105.530000001192093, 1413633.619999997317791 ], [ 715247.690000001341105, 1413616.719999998807907 ], [ 715353.03999999910593, 1413588.549999997019768 ], [ 715777.800000000745058, 1413479.340000003576279 ], [ 716367.230000000447035, 1413341.939999997615814 ], [ 716825.329999998211861, 1413197.079999998211861 ], [ 716939.370000001043081, 1413161.020000003278255 ], [ 716880.21000000089407, 1413152.340000003576279 ], [ 716848.309999998658895, 1413066.340000003576279 ], [ 716831.719999998807907, 1413023.130000002682209 ], [ 716817.850000001490116, 1412986.78999999910593 ], [ 716810.949999999254942, 1412969.649999998509884 ], [ 716791.309999998658895, 1412944.619999997317791 ], [ 716753.219999998807907, 1412897.350000001490116 ] ] ] } },
{ "type": "Feature", "properties": { "ED": "TY_25", "DISTRICT": "25TH", "CNCLDIST": "6TH", "SWIS": "381700", "POLLING_PL": "PAWLING AVENUE METHODIST CHURCH", "ADDRESS": "520 PAWLING AVE", "CITY": "TROY", "ZIP": "12180", "COMMUNITY": "TROY", "UPDATED": "2023-02-16", "LABEL": "TROY - 25TH" }, "geometry": { "type": "Polygon", "coordinates": [ [ [ 709701.399999998509884, 1416803.78999999910593 ], [ 709627.829999998211861, 1416335.049999997019768 ], [ 709460.899999998509884, 1416359.090000003576279 ], [ 709374.699999999254942, 1415801.689999997615814 ], [ 709350.170000001788139, 1415601.280000001192093 ], [ 709237.609999999403954, 1415378.820000000298023 ], [ 709329.399999998509884, 1415325.310000002384186 ], [ 709176.199999999254942, 1415054.5 ], [ 709148.879999998956919, 1415037.399999998509884 ], [ 709096.940000001341105, 1414962.630000002682209 ], [ 709046.5, 1414955.420000001788139 ], [ 709006.870000001043081, 1414959.030000001192093 ], [ 708989.160000000149012, 1414951.469999998807907 ], [ 708939.0, 1414843.119999997317791 ], [ 708896.170000001788139, 1414726.719999998807907 ], [ 708722.149999998509884, 1414801.700000002980232 ], [ 708745.839999999850988, 1414876.799999997019768 ], [ 708821.059999998658895, 1415005.75 ], [ 708909.910000000149012, 1415172.990000002086163 ], [ 708976.410000000149012, 1415298.929999999701977 ], [ 708632.010000001639128, 1415353.880000002682209 ], [ 708465.649999998509884, 1415379.100000001490116 ], [ 708294.420000001788139, 1415403.390000000596046 ], [ 707821.120000001043081, 1415476.259999997913837 ], [ 706778.129999998956919, 1415525.630000002682209 ], [ 707154.103437498211861, 1417145.953437499701977 ], [ 708138.190000001341105, 1417045.320000000298023 ], [ 708368.010000001639128, 1417004.350000001490116 ], [ 708526.28999999910593, 1416982.090000003576279 ], [ 708703.339999999850988, 1416952.25 ], [ 708860.800000000745058, 1416931.280000001192093 ], [ 709038.170000001788139, 1416905.100000001490116 ], [ 709205.649999998509884, 1416881.119999997317791 ], [ 709361.059999998658895, 1416858.310000002384186 ], [ 709531.850000001490116, 1416831.71000000089407 ], [ 709701.399999998509884, 1416803.78999999910593 ] ] ] } },
{ "type": "Feature", "properties": { "ED": "TY_28", "DISTRICT": "28TH", "CNCLDIST": "6TH", "SWIS": "381700", "POLLING_PL": "SCHOOL 12", "ADDRESS": "475 1ST ST", "CITY": "TROY", "ZIP": "12180", "COMMUNITY": "TROY", "UPDATED": "2012-04-23", "LABEL": "TROY - 28TH" }, "geometry": { "type": "Polygon", "coordinates": [ [ [ 710430.379999998956919, 1413069.75 ], [ 710275.980000000447035, 1411785.969999998807907 ], [ 709807.949999999254942, 1411900.21000000089407 ], [ 709402.679999999701977, 1411990.420000001788139 ], [ 709108.469999998807907, 1412041.020000003278255 ], [ 708764.129999998956919, 1412090.659999996423721 ], [ 708457.179999999701977, 1412146.229999996721745 ], [ 708335.350000001490116, 1412168.890000000596046 ], [ 708226.850000001490116, 1412207.840000003576279 ], [ 708076.600000001490116, 1412269.049999997019768 ], [ 707826.739999998360872, 1412386.950000002980232 ], [ 707849.160000000149012, 1412482.609999999403954 ], [ 707873.71000000089407, 1412559.020000003278255 ], [ 707883.449999999254942, 1412598.640000000596046 ], [ 707881.879999998956919, 1412620.96000000089407 ], [ 707866.780000001192093, 1412639.829999998211861 ], [ 707843.519999999552965, 1412658.060000002384186 ], [ 707824.969999998807907, 1412622.530000001192093 ], [ 707778.510000001639128, 1412398.570000000298023 ], [ 707703.010000001639128, 1412141.049999997019768 ], [ 707683.640000000596046, 1411991.520000003278255 ], [ 707706.359999999403954, 1411845.759999997913837 ], [ 707749.129999998956919, 1411771.78999999910593 ], [ 707859.870000001043081, 1411583.259999997913837 ], [ 708075.690000001341105, 1411291.890000000596046 ], [ 708114.019999999552965, 1411184.100000001490116 ], [ 708062.690000001341105, 1410518.380000002682209 ], [ 707985.320000000298023, 1410410.070000000298023 ], [ 707917.260000001639128, 1410338.869999997317791 ], [ 707835.030000001192093, 1410270.520000003278255 ], [ 707741.079999998211861, 1410215.280000001192093 ], [ 707636.320000000298023, 1410170.640000000596046 ], [ 707234.350000001490116, 1410120.159999996423721 ], [ 707012.820000000298023, 1410090.670000001788139 ], [ 706836.969999998807907, 1410067.259999997913837 ], [ 706493.129999998956919, 1410020.630000002682209 ], [ 706472.309999998658895, 1410486.25 ], [ 706284.629999998956919, 1411501.130000002682209 ], [ 706229.0, 1412599.380000002682209 ], [ 706229.0, 1412995.5 ], [ 706277.690000001341105, 1413259.619999997317791 ], [ 706402.75, 1413711.5 ], [ 706479.25, 1414413.5 ], [ 706778.129999998956919, 1415525.630000002682209 ], [ 707821.120000001043081, 1415476.259999997913837 ], [ 708294.420000001788139, 1415403.390000000596046 ], [ 708465.649999998509884, 1415379.100000001490116 ], [ 708632.010000001639128, 1415353.880000002682209 ], [ 708976.410000000149012, 1415298.929999999701977 ], [ 708909.910000000149012, 1415172.990000002086163 ], [ 708821.059999998658895, 1415005.75 ], [ 708745.839999999850988, 1414876.799999997019768 ], [ 708722.149999998509884, 1414801.700000002980232 ], [ 708608.800000000745058, 1414475.869999997317791 ], [ 709072.25, 1414306.380000002682209 ], [ 709471.620000001043081, 1414170.25 ], [ 710224.25, 1413902.119999997317791 ], [ 710485.089999999850988, 1413809.670000001788139 ], [ 710475.140000000596046, 1413660.719999998807907 ], [ 710430.379999998956919, 1413069.75 ] ] ] } },
{ "type": "Feature", "properties": { "ED": "TY_18", "DISTRICT": "18TH", "CNCLDIST": "4TH", "SWIS": "381700", "POLLING_PL": "RENSSELAER COUNTY GOVERNMENT CENTER", "ADDRESS": "1600 7TH AVE", "CITY": "TROY", "ZIP": "12180", "COMMUNITY": "TROY", "UPDATED": "2023-02-16", "LABEL": "TROY - 18TH" }, "geometry": { "type": "Polygon", "coordinates": [ [ [ 710705.5, 1419536.130000002682209 ], [ 711199.440000001341105, 1419464.369999997317791 ], [ 711496.559999998658895, 1419501.359999999403954 ], [ 711658.920000001788139, 1419545.909999996423721 ], [ 711788.359999999403954, 1419490.549999997019768 ], [ 711849.440000001341105, 1419461.5 ], [ 711917.160000000149012, 1419427.310000002384186 ], [ 711980.690000001341105, 1419381.119999997317791 ], [ 712009.829999998211861, 1419309.5 ], [ 712022.230000000447035, 1419202.780000001192093 ], [ 712029.629999998956919, 1419061.229999996721745 ], [ 712047.079999998211861, 1418958.899999998509884 ], [ 712068.429999999701977, 1418848.380000002682209 ], [ 712093.320000000298023, 1418719.28999999910593 ], [ 712115.074062500149012, 1418658.979687497019768 ], [ 711942.435937501490116, 1418596.393437497317791 ], [ 712062.090624999254942, 1418262.395000003278255 ], [ 711920.06937500089407, 1418210.806562498211861 ], [ 711942.316874999552965, 1418150.983125001192093 ], [ 711828.714375000447035, 1418109.510312497615814 ], [ 711846.806249998509884, 1418062.668437503278255 ], [ 711959.659687500447035, 1418103.579687498509884 ], [ 711977.122187498956919, 1418056.426250003278255 ], [ 711863.838125001639128, 1418015.644062496721745 ], [ 711882.111562501639128, 1417968.052500002086163 ], [ 711995.215624999254942, 1418008.714062497019768 ], [ 712037.88374999910593, 1417892.243749998509884 ], [ 711925.590312499552965, 1417851.273749999701977 ], [ 711934.635937500745058, 1417827.982500001788139 ], [ 711952.872187498956919, 1417834.518124997615814 ], [ 711981.087499998509884, 1417760.387500002980232 ], [ 712074.576562501490116, 1417793.760624997317791 ], [ 712091.225312501192093, 1417748.54593750089407 ], [ 712209.238437499850988, 1417738.959687501192093 ], [ 712219.79781249910593, 1417647.924687497317791 ], [ 712216.096875000745058, 1417527.17281249910593 ], [ 712012.323750000447035, 1417321.409062497317791 ], [ 712020.826875001192093, 1417289.427187502384186 ], [ 712298.71875, 1417367.473125003278255 ], [ 712310.295000001788139, 1417328.497812502086163 ], [ 712298.53999999910593, 1417331.284687496721745 ], [ 712289.537812501192093, 1417332.636562496423721 ], [ 712277.976874999701977, 1417333.494062498211861 ], [ 712263.097500000149012, 1417333.464374996721745 ], [ 712249.670312501490116, 1417332.557812497019768 ], [ 712239.542812500149012, 1417331.417812496423721 ], [ 712229.606249999254942, 1417330.018124997615814 ], [ 712219.611875001341105, 1417327.43843749910593 ], [ 712204.124687500298023, 1417321.218437500298023 ], [ 712186.771249998360872, 1417313.314062498509884 ], [ 712169.348749998956919, 1417304.900312498211861 ], [ 712155.864062499254942, 1417297.564062498509884 ], [ 712148.065000001341105, 1417292.17875000089407 ], [ 712142.443750001490116, 1417287.978124998509884 ], [ 712137.390937499701977, 1417284.337812498211861 ], [ 712133.144375000149012, 1417282.649687498807907 ], [ 712127.525312498211861, 1417282.318437501788139 ], [ 712119.143437501043081, 1417283.432187497615814 ], [ 712111.520937498658895, 1417285.106875002384186 ], [ 712100.830625001341105, 1417285.395625002682209 ], [ 712087.393437501043081, 1417284.239062502980232 ], [ 712075.028124999254942, 1417282.215000003576279 ], [ 712066.592500001192093, 1417280.268124997615814 ], [ 712052.526562500745058, 1417274.182187497615814 ], [ 712042.17875000089407, 1417267.530625000596046 ], [ 712034.321562498807907, 1417261.325000002980232 ], [ 712027.65625, 1417254.197187498211861 ], [ 712022.531562499701977, 1417246.432499997317791 ], [ 712017.24125000089407, 1417236.60249999910593 ], [ 712008.568437501788139, 1417228.155625000596046 ], [ 712003.213750001043081, 1417220.575625002384186 ], [ 711997.038437500596046, 1417213.253749996423721 ], [ 711989.806562498211861, 1417204.239687502384186 ], [ 711984.451875001192093, 1417196.669375002384186 ], [ 711979.1484375, 1417188.469374999403954 ], [ 711975.795000001788139, 1417180.093125000596046 ], [ 711974.115937501192093, 1417174.710312500596046 ], [ 711971.31156250089407, 1417171.894687503576279 ], [ 711967.501562498509884, 1417172.007187500596046 ], [ 711963.557812500745058, 1417173.99906250089407 ], [ 711960.170000001788139, 1417177.932187497615814 ], [ 711956.543749999254942, 1417181.304999999701977 ], [ 711952.981874998658895, 1417182.357812501490116 ], [ 711945.856562498956919, 1417180.154062502086163 ], [ 711940.554999999701977, 1417175.893437497317791 ], [ 711937.753437500447035, 1417171.698437497019768 ], [ 711938.57124999910593, 1417167.770000003278255 ], [ 711938.57906249910593, 1417163.830312497913837 ], [ 711937.209062501788139, 1417158.767499998211861 ], [ 711936.906874999403954, 1417154.82718750089407 ], [ 711931.363437499850988, 1417146.68656250089407 ], [ 711930.814687501639128, 1417140.815937496721745 ], [ 711929.133437499403954, 1417136.562812499701977 ], [ 711928.015312500298023, 1417130.68062499910593 ], [ 711926.350937500596046, 1417122.808124996721745 ], [ 711922.985624998807907, 1417115.241562500596046 ], [ 711920.186250001192093, 1417110.166249997913837 ], [ 711915.385625001043081, 1417105.347187496721745 ], [ 711911.265312500298023, 1417100.719062499701977 ], [ 711906.964062500745058, 1417096.330624997615814 ], [ 711902.220312498509884, 1417093.261562496423721 ], [ 711895.785624999552965, 1417090.74906250089407 ], [ 711888.169687498360872, 1417089.044062502682209 ], [ 711879.792500000447035, 1417087.587187498807907 ], [ 711875.548749998211861, 1417084.519062496721745 ], [ 711873.615937501192093, 1417081.145312502980232 ], [ 711872.754687499254942, 1417076.644062496721745 ], [ 711868.635312501341105, 1417071.386249996721745 ], [ 711857.588125001639128, 1417065.114687502384186 ], [ 711852.287500001490116, 1417060.604062497615814 ], [ 711845.855000000447035, 1417056.901562497019768 ], [ 711840.247187498956919, 1417051.010937497019768 ], [ 711834.324687499552965, 1417042.31937500089407 ], [ 711829.904375001788139, 1417032.431249998509884 ], [ 711822.606249999254942, 1417026.547187499701977 ], [ 711814.179999999701977, 1417019.780625000596046 ], [ 711798.759374998509884, 1417010.500624999403954 ], [ 711790.903124999254942, 1417003.73531249910593 ], [ 711777.97749999910593, 1416996.640000000596046 ], [ 711767.878437500447035, 1416986.250624999403954 ], [ 711761.139062501490116, 1416981.177500002086163 ], [ 711753.836562499403954, 1416972.473437502980232 ], [ 711748.536874998360872, 1416967.403125002980232 ], [ 711740.109375, 1416961.196874998509884 ], [ 711732.813124999403954, 1416954.432812497019768 ], [ 711725.570937499403954, 1416950.788750000298023 ], [ 711714.580937501043081, 1416945.956874996423721 ], [ 711705.34468749910593, 1416939.24906250089407 ], [ 711689.755937501788139, 1416923.848750002682209 ], [ 711687.264062501490116, 1416919.654375001788139 ], [ 711683.526562500745058, 1416913.526874996721745 ], [ 711681.033437501639128, 1416910.142499998211861 ], [ 711678.409687500447035, 1416906.887187503278255 ], [ 711675.359687499701977, 1416902.071562498807907 ], [ 711672.312187500298023, 1416895.875624999403954 ], [ 711670.003125000745058, 1416890.431562498211861 ], [ 711668.325937498360872, 1416888.928125001490116 ], [ 711666.510937500745058, 1416886.494687497615814 ], [ 711663.3984375, 1416882.738750003278255 ], [ 711662.213125001639128, 1416880.486249998211861 ], [ 711660.096250001341105, 1416878.982500001788139 ], [ 711655.848437499254942, 1416877.904062502086163 ], [ 711648.720937501639128, 1416876.769687503576279 ], [ 711643.975937500596046, 1416874.510624997317791 ], [ 711639.17281249910593, 1416871.121250003576279 ], [ 711635.118749998509884, 1416868.053437501192093 ], [ 711633.122499998658895, 1416866.239687502384186 ], [ 711631.376249998807907, 1416864.54593750089407 ], [ 711629.438124999403954, 1416863.542499996721745 ], [ 711626.309999998658895, 1416862.666249997913837 ], [ 711624.632500000298023, 1416861.532812498509884 ], [ 711623.505624998360872, 1416859.840625002980232 ], [ 711622.07124999910593, 1416857.028125002980232 ], [ 711619.075937498360872, 1416854.832187503576279 ], [ 711617.269062500447035, 1416853.148749999701977 ], [ 711615.082812499254942, 1416851.394687503576279 ], [ 711613.084375001490116, 1416850.640625 ], [ 711608.588750001043081, 1416848.561875000596046 ], [ 711605.783750001341105, 1416846.126562498509884 ], [ 711604.098437499254942, 1416843.873125001788139 ], [ 711602.482187498360872, 1416841.869999997317791 ], [ 711588.446562498807907, 1416830.09281250089407 ], [ 711585.450312498956919, 1416828.146875001490116 ], [ 711582.703437499701977, 1416826.581562496721745 ], [ 711580.016249999403954, 1416825.256562501192093 ], [ 711577.328437499701977, 1416824.251249998807907 ], [ 711575.209687501192093, 1416823.746875002980232 ], [ 711569.641874998807907, 1416822.675937503576279 ], [ 711563.712187498807907, 1416822.664374999701977 ], [ 711555.463125001639128, 1416822.277812503278255 ], [ 711553.214687500149012, 1416821.7734375 ], [ 711550.644999999552965, 1416821.518437497317791 ], [ 711546.966875001788139, 1416820.691249996423721 ], [ 711543.219062499701977, 1416819.684062503278255 ], [ 711537.59468749910593, 1416816.992812499403954 ], [ 711534.230937499552965, 1416813.856250002980232 ], [ 711530.608125001192093, 1416810.229374997317791 ], [ 711526.361875001341105, 1416808.53125 ], [ 711522.671562500298023, 1416808.713437497615814 ], [ 711520.241562500596046, 1416808.959062501788139 ], [ 711517.9921875, 1416808.634374998509884 ], [ 711515.744062498211861, 1416807.700000002980232 ], [ 711513.247187498956919, 1416806.315312497317791 ], [ 711511.249687500298023, 1416805.001249998807907 ], [ 711509.752812501043081, 1416803.438124999403954 ], [ 711508.257500000298023, 1416801.115312501788139 ], [ 711507.260937500745058, 1416799.433750003576279 ], [ 711505.885625001043081, 1416797.110937498509884 ], [ 711504.270624998956919, 1416794.487812496721745 ], [ 711502.774999998509884, 1416792.425312496721745 ], [ 711500.778749998658895, 1416790.601250000298023 ], [ 711498.401875000447035, 1416788.9765625 ], [ 711495.535937499254942, 1416787.160937502980232 ], [ 711490.212187498807907, 1416789.080312497913837 ], [ 711486.280937500298023, 1416789.892812497913837 ], [ 711482.341875001788139, 1416789.314999997615814 ], [ 711478.536562498658895, 1416787.127187497913837 ], [ 711476.159687500447035, 1416785.682812497019768 ], [ 711474.724687501788139, 1416783.179999999701977 ], [ 711471.979687500745058, 1416780.614687502384186 ], [ 711468.614999998360872, 1416778.108125001192093 ], [ 711464.369375001639128, 1416776.099687501788139 ], [ 711460.180937498807907, 1416775.271562501788139 ], [ 711457.435937501490116, 1416772.896250002086163 ], [ 711455.439687501639128, 1416771.012500002980232 ], [ 711453.753125000745058, 1416769.32906249910593 ], [ 711452.005624998360872, 1416767.945937499403954 ], [ 711451.451562501490116, 1416765.134999997913837 ], [ 711450.088750001043081, 1416761.502187497913837 ], [ 711447.842187501490116, 1416759.817812502384186 ], [ 711444.213437501341105, 1416759.240937501192093 ], [ 711439.157812498509884, 1416757.230625003576279 ], [ 711435.473437499254942, 1416754.473750002682209 ], [ 711433.286562498658895, 1416752.789374999701977 ], [ 711430.861562501639128, 1416750.464687496423721 ], [ 711428.865312501788139, 1416748.530937500298023 ], [ 711426.799375001341105, 1416746.526874996721745 ], [ 711425.122812498360872, 1416744.773749999701977 ], [ 711422.190312501043081, 1416741.137812502682209 ], [ 711420.63374999910593, 1416739.445000000298023 ], [ 711418.317187499254942, 1416737.760624997317791 ], [ 711416.199687499552965, 1416736.506250001490116 ], [ 711414.32124999910593, 1416735.812812499701977 ], [ 711411.643437501043081, 1416734.927500002086163 ], [ 711409.205625001341105, 1416733.802500002086163 ], [ 711406.51656249910593, 1416733.237187497317791 ], [ 711404.146875001490116, 1416733.232812501490116 ], [ 711401.204687498509884, 1416734.406874999403954 ], [ 711396.762187499552965, 1416735.838124997913837 ], [ 711393.695937499403954, 1416739.141874998807907 ], [ 711388.305312499403954, 1416744.510937497019768 ], [ 711383.236875001341105, 1416749.000624999403954 ], [ 711377.918124999850988, 1416753.490000002086163 ], [ 711373.410937499254942, 1416757.10062500089407 ], [ 711367.525312498211861, 1416760.219062499701977 ], [ 711359.092500001192093, 1416761.892499998211861 ], [ 711353.71000000089407, 1416763.251562498509884 ], [ 711350.089687500149012, 1416763.494374997913837 ], [ 711348.646249998360872, 1416765.181562498211861 ], [ 711343.645624998956919, 1416765.731562502682209 ], [ 711340.269062500447035, 1416764.034687496721745 ], [ 711337.707187499850988, 1416765.159687496721745 ], [ 711334.338437501341105, 1416764.593125000596046 ], [ 711331.52437499910593, 1416761.517812497913837 ], [ 711327.028124999254942, 1416759.82906249910593 ], [ 711322.52437499910593, 1416761.820000000298023 ], [ 711319.460625000298023, 1416763.743749998509884 ], [ 711315.268125001341105, 1416765.115625001490116 ], [ 711309.650625001639128, 1416763.974375002086163 ], [ 711304.845937501639128, 1416761.465000003576279 ], [ 711300.911562498658895, 1416758.64750000089407 ], [ 711297.285624999552965, 1416756.700312502682209 ], [ 711293.669062498956919, 1416755.013125002384186 ], [ 711290.537187501788139, 1416756.126874998211861 ], [ 711289.161562498658895, 1416758.934062503278255 ], [ 711285.46000000089407, 1416764.806562498211861 ], [ 711280.952500000596046, 1416768.737499997019768 ], [ 711278.448125001043081, 1416771.232187502086163 ], [ 711274.751874998211861, 1416774.34468749910593 ], [ 711269.996249999850988, 1416777.395312502980232 ], [ 711264.681875001639128, 1416779.634687498211861 ], [ 711258.18062499910593, 1416780.501874998211861 ], [ 711251.989687498658895, 1416781.049687497317791 ], [ 711240.480624999850988, 1416786.086562499403954 ], [ 711234.60843750089407, 1416787.204999998211861 ], [ 711226.166875001043081, 1416788.248437501490116 ], [ 711221.661249998956919, 1416791.049062497913837 ], [ 711218.597187500447035, 1416793.292812496423721 ], [ 711216.902187500149012, 1416795.859687499701977 ], [ 711211.842187501490116, 1416796.099375002086163 ], [ 711205.093437500298023, 1416795.516249999403954 ], [ 711199.155625000596046, 1416794.69437500089407 ], [ 711189.347812499850988, 1416793.804999999701977 ], [ 711177.542187500745058, 1416791.841875001788139 ], [ 711168.853124998509884, 1416791.51468750089407 ], [ 711160.974062498658895, 1416791.24906250089407 ], [ 711155.797499999403954, 1416789.738750003278255 ], [ 711132.104062501341105, 1416763.977187499403954 ], [ 711275.5, 1416682.350000001490116 ], [ 711239.480000000447035, 1416649.969999998807907 ], [ 711153.539374999701977, 1416593.267812497913837 ], [ 711089.737500000745058, 1416591.965625002980232 ], [ 711025.949999999254942, 1416602.090000003576279 ], [ 710955.120000001043081, 1416611.119999997317791 ], [ 710620.260000001639128, 1416663.429999999701977 ], [ 710413.660000000149012, 1416694.679999999701977 ], [ 709701.399999998509884, 1416803.78999999910593 ], [ 709531.850000001490116, 1416831.71000000089407 ], [ 709361.059999998658895, 1416858.310000002384186 ], [ 709205.649999998509884, 1416881.119999997317791 ], [ 709038.170000001788139, 1416905.100000001490116 ], [ 708860.800000000745058, 1416931.280000001192093 ], [ 708703.339999999850988, 1416952.25 ], [ 708526.28999999910593, 1416982.090000003576279 ], [ 708368.010000001639128, 1417004.350000001490116 ], [ 708138.190000001341105, 1417045.320000000298023 ], [ 707154.103437498211861, 1417145.953437499701977 ], [ 707184.725312501192093, 1417279.030937500298023 ], [ 707293.010000001639128, 1417747.509999997913837 ], [ 707313.370000001043081, 1417840.25 ], [ 707484.975000001490116, 1418436.084687501192093 ], [ 707695.620000001043081, 1419174.880000002682209 ], [ 707993.370000001043081, 1419134.880000002682209 ], [ 708505.359999999403954, 1419065.329999998211861 ], [ 708839.149999998509884, 1419013.929999999701977 ], [ 709352.079999998211861, 1418935.259999997913837 ], [ 709672.920000001788139, 1418887.46000000089407 ], [ 709841.140000000596046, 1418862.100000001490116 ], [ 710013.239999998360872, 1418834.380000002682209 ], [ 710109.75, 1418825.0 ], [ 710425.25, 1419349.130000002682209 ], [ 710473.440000001341105, 1419600.0 ], [ 710639.579999998211861, 1419567.280000001192093 ], [ 710705.5, 1419536.130000002682209 ] ] ] } },
{ "type": "Feature", "properties": { "ED": "TY_26", "DISTRICT": "26TH", "CNCLDIST": "6TH", "SWIS": "381700", "POLLING_PL": "HOLY CROSS ARMENIAN CHURCH", "ADDRESS": "255 SPRING AVE", "CITY": "TROY", "ZIP": "12180", "COMMUNITY": "TROY", "UPDATED": "2023-02-16", "LABEL": "TROY - 26TH" }, "geometry": { "type": "Polygon", "coordinates": [ [ [ 711025.949999999254942, 1416602.090000003576279 ], [ 711089.737500000745058, 1416591.965625002980232 ], [ 711153.539374999701977, 1416593.267812497913837 ], [ 711239.480000000447035, 1416649.969999998807907 ], [ 711275.5, 1416682.350000001490116 ], [ 711626.530000001192093, 1416501.619999997317791 ], [ 711856.940000001341105, 1416415.140000000596046 ], [ 711988.149999998509884, 1416364.770000003278255 ], [ 712409.489999998360872, 1416128.179999999701977 ], [ 712687.679999999701977, 1416020.619999997317791 ], [ 712871.179999999701977, 1415949.53999999910593 ], [ 713148.920000001788139, 1415824.780000001192093 ], [ 713577.030000001192093, 1415630.640000000596046 ], [ 713958.980000000447035, 1415455.590000003576279 ], [ 714527.339999999850988, 1415033.920000001788139 ], [ 714664.690000001341105, 1414922.259999997913837 ], [ 714734.829999998211861, 1414848.109999999403954 ], [ 714804.870000001043081, 1414739.0 ], [ 714863.25, 1414632.659999996423721 ], [ 714883.230000000447035, 1414561.310000002384186 ], [ 714891.839999999850988, 1414514.070000000298023 ], [ 714916.670000001788139, 1414354.590000003576279 ], [ 714954.25, 1414190.179999999701977 ], [ 715082.030000001192093, 1413886.75 ], [ 714921.78999999910593, 1413810.990000002086163 ], [ 714748.640000000596046, 1413903.03999999910593 ], [ 714239.5, 1414175.200000002980232 ], [ 713381.609999999403954, 1414648.359999999403954 ], [ 713243.100000001490116, 1414717.280000001192093 ], [ 712502.510000001639128, 1415123.850000001490116 ], [ 712272.730000000447035, 1415242.890000000596046 ], [ 712137.949999999254942, 1415009.880000002682209 ], [ 711708.980000000447035, 1414247.320000000298023 ], [ 711648.920000001788139, 1414118.770000003278255 ], [ 711063.129999998956919, 1414314.03999999910593 ], [ 710781.769999999552965, 1414405.909999996423721 ], [ 710703.519999999552965, 1414372.390000000596046 ], [ 710611.260000001639128, 1414291.329999998211861 ], [ 710510.879999998956919, 1414229.0 ], [ 710485.089999999850988, 1413809.670000001788139 ], [ 710224.25, 1413902.119999997317791 ], [ 709471.620000001043081, 1414170.25 ], [ 709072.25, 1414306.380000002682209 ], [ 708608.800000000745058, 1414475.869999997317791 ], [ 708722.149999998509884, 1414801.700000002980232 ], [ 708896.170000001788139, 1414726.719999998807907 ], [ 708939.0, 1414843.119999997317791 ], [ 708989.160000000149012, 1414951.469999998807907 ], [ 709006.870000001043081, 1414959.030000001192093 ], [ 709046.5, 1414955.420000001788139 ], [ 709096.940000001341105, 1414962.630000002682209 ], [ 709148.879999998956919, 1415037.399999998509884 ], [ 709176.199999999254942, 1415054.5 ], [ 709329.399999998509884, 1415325.310000002384186 ], [ 709237.609999999403954, 1415378.820000000298023 ], [ 709350.170000001788139, 1415601.280000001192093 ], [ 709374.699999999254942, 1415801.689999997615814 ], [ 709460.899999998509884, 1416359.090000003576279 ], [ 709627.829999998211861, 1416335.049999997019768 ], [ 709701.399999998509884, 1416803.78999999910593 ], [ 710413.660000000149012, 1416694.679999999701977 ], [ 710620.260000001639128, 1416663.429999999701977 ], [ 710955.120000001043081, 1416611.119999997317791 ], [ 711025.949999999254942, 1416602.090000003576279 ] ] ] } },
{ "type": "Feature", "properties": { "ED": "TY_19", "DISTRICT": "19TH", "CNCLDIST": "5TH", "SWIS": "381700", "POLLING_PL": "RENSSELAER COUNTY GOVERNMENT CENTER", "ADDRESS": "1600 7TH AVE", "CITY": "TROY", "ZIP": "12180", "COMMUNITY": "TROY", "UPDATED": "2023-02-16", "LABEL": "TROY - 19TH" }, "geometry": { "type": "Polygon", "coordinates": [ [ [ 718848.280000001192093, 1419167.219999998807907 ], [ 719111.300000000745058, 1416909.890000000596046 ], [ 719289.0, 1415383.25 ], [ 719059.5, 1415353.179999999701977 ], [ 718942.699999999254942, 1415349.820000000298023 ], [ 718890.449999999254942, 1415349.719999998807907 ], [ 718742.940000001341105, 1415357.119999997317791 ], [ 718607.719999998807907, 1415376.850000001490116 ], [ 718470.929999999701977, 1415402.700000002980232 ], [ 718319.660000000149012, 1415446.46000000089407 ], [ 717778.429999999701977, 1415635.329999998211861 ], [ 717149.600000001490116, 1415853.25 ], [ 716805.079999998211861, 1415934.189999997615814 ], [ 716386.879999998956919, 1416016.490000002086163 ], [ 716078.649999998509884, 1416075.380000002682209 ], [ 715992.219999998807907, 1415569.420000001788139 ], [ 715628.890000000596046, 1415243.840000003576279 ], [ 715387.300000000745058, 1415534.469999998807907 ], [ 715221.440000001341105, 1415728.259999997913837 ], [ 715048.120000001043081, 1415929.170000001788139 ], [ 714855.910000000149012, 1416133.21000000089407 ], [ 714622.769999999552965, 1416337.149999998509884 ], [ 714275.940000001341105, 1416544.979999996721745 ], [ 713937.230000000447035, 1416721.240000002086163 ], [ 713896.760000001639128, 1416770.840000003576279 ], [ 713849.969999998807907, 1416885.799999997019768 ], [ 713764.170000001788139, 1417323.869999997317791 ], [ 713689.271562501788139, 1417689.91499999910593 ], [ 713672.827500000596046, 1417796.615000002086163 ], [ 713415.809999998658895, 1417794.380000002682209 ], [ 713105.089999999850988, 1417729.859999999403954 ], [ 712962.879999998956919, 1417696.340000003576279 ], [ 712883.0, 1417697.159999996423721 ], [ 712854.179999999701977, 1417707.049999997019768 ], [ 712743.010000001639128, 1417762.229999996721745 ], [ 712680.429999999701977, 1417818.21000000089407 ], [ 712524.75, 1417977.829999998211861 ], [ 712315.719999998807907, 1418159.719999998807907 ], [ 712289.589999999850988, 1418192.53999999910593 ], [ 712268.553437501192093, 1418231.239375002682209 ], [ 712247.936875000596046, 1418283.322812497615814 ], [ 712153.793124999850988, 1418551.544062502682209 ], [ 712199.108750000596046, 1418568.695937499403954 ], [ 712215.385000001639128, 1418588.227187499403954 ], [ 712228.405625000596046, 1418631.630000002682209 ], [ 712235.328437499701977, 1418688.10062500089407 ], [ 712251.100000001490116, 1418816.75 ], [ 712515.570000000298023, 1418766.149999998509884 ], [ 712784.019999999552965, 1418717.869999997317791 ], [ 712808.280000001192093, 1418873.409999996423721 ], [ 712861.760000001639128, 1419068.380000002682209 ], [ 712954.839999999850988, 1419469.979999996721745 ], [ 712966.230000000447035, 1419567.469999998807907 ], [ 712959.679999999701977, 1419659.200000002980232 ], [ 712957.449999999254942, 1419690.350000001490116 ], [ 713035.530000001192093, 1419664.490000002086163 ], [ 713101.370000001043081, 1419640.240000002086163 ], [ 713141.219999998807907, 1419621.179999999701977 ], [ 713209.239999998360872, 1419593.020000003278255 ], [ 713278.089999999850988, 1419555.340000003576279 ], [ 713364.719999998807907, 1419484.310000002384186 ], [ 713477.410000000149012, 1419411.740000002086163 ], [ 713562.670000001788139, 1419318.820000000298023 ], [ 713604.489999998360872, 1419248.670000001788139 ], [ 713634.0, 1419200.929999999701977 ], [ 713673.929999999701977, 1419104.570000000298023 ], [ 713696.5, 1419035.140000000596046 ], [ 713697.359999999403954, 1418987.390000000596046 ], [ 713666.620000001043081, 1418878.21000000089407 ], [ 714076.030000001192093, 1418777.979999996721745 ], [ 714118.239999998360872, 1418766.570000000298023 ], [ 714236.379999998956919, 1418753.689999997615814 ], [ 715634.570000000298023, 1418913.979999996721745 ], [ 715711.5, 1418927.920000001788139 ], [ 715750.780000001192093, 1418944.679999999701977 ], [ 715774.170000001788139, 1418975.090000003576279 ], [ 715969.370000001043081, 1419408.75 ], [ 716081.760000001639128, 1419622.600000001490116 ], [ 716158.989999998360872, 1419788.560000002384186 ], [ 716246.589999999850988, 1419957.409999996423721 ], [ 717316.469999998807907, 1421508.890000000596046 ], [ 717835.839999999850988, 1422285.369999997317791 ], [ 718203.219999998807907, 1422850.229999996721745 ], [ 718259.370000001043081, 1422543.399999998509884 ], [ 718287.600000001490116, 1422424.520000003278255 ], [ 718502.329999998211861, 1422289.593437500298023 ], [ 718509.5, 1422226.369999997317791 ], [ 718848.280000001192093, 1419167.219999998807907 ] ] ] } },
{ "type": "Feature", "properties": { "ED": "TY_20", "DISTRICT": "20TH", "CNCLDIST": "5TH", "SWIS": "381700", "POLLING_PL": "TROY COMMUNITY SCHOOL", "ADDRESS": "1010 5TH AVE", "CITY": "TROY", "ZIP": "12180", "COMMUNITY": "TROY", "UPDATED": "2023-02-16", "LABEL": "TROY - 20TH" }, "geometry": { "type": "Polygon", "coordinates": [ [ [ 712315.719999998807907, 1418159.719999998807907 ], [ 712524.75, 1417977.829999998211861 ], [ 712680.429999999701977, 1417818.21000000089407 ], [ 712743.010000001639128, 1417762.229999996721745 ], [ 712854.179999999701977, 1417707.049999997019768 ], [ 712883.0, 1417697.159999996423721 ], [ 712962.879999998956919, 1417696.340000003576279 ], [ 713105.089999999850988, 1417729.859999999403954 ], [ 713415.809999998658895, 1417794.380000002682209 ], [ 713672.827500000596046, 1417796.615000002086163 ], [ 713689.271562501788139, 1417689.91499999910593 ], [ 713764.170000001788139, 1417323.869999997317791 ], [ 713849.969999998807907, 1416885.799999997019768 ], [ 713896.760000001639128, 1416770.840000003576279 ], [ 713937.230000000447035, 1416721.240000002086163 ], [ 714275.940000001341105, 1416544.979999996721745 ], [ 714622.769999999552965, 1416337.149999998509884 ], [ 714855.910000000149012, 1416133.21000000089407 ], [ 715048.120000001043081, 1415929.170000001788139 ], [ 715221.440000001341105, 1415728.259999997913837 ], [ 715387.300000000745058, 1415534.469999998807907 ], [ 715628.890000000596046, 1415243.840000003576279 ], [ 715992.219999998807907, 1415569.420000001788139 ], [ 716078.649999998509884, 1416075.380000002682209 ], [ 716386.879999998956919, 1416016.490000002086163 ], [ 716805.079999998211861, 1415934.189999997615814 ], [ 716700.070000000298023, 1415435.570000000298023 ], [ 716591.829999998211861, 1414929.140000000596046 ], [ 716589.530000001192093, 1414861.439999997615814 ], [ 716090.129999998956919, 1414568.009999997913837 ], [ 715613.399999998509884, 1413941.299999997019768 ], [ 715353.03999999910593, 1413588.549999997019768 ], [ 715247.690000001341105, 1413616.719999998807907 ], [ 715183.820000000298023, 1413707.320000000298023 ], [ 715082.030000001192093, 1413886.75 ], [ 714954.25, 1414190.179999999701977 ], [ 714916.670000001788139, 1414354.590000003576279 ], [ 714891.839999999850988, 1414514.070000000298023 ], [ 714883.230000000447035, 1414561.310000002384186 ], [ 714863.25, 1414632.659999996423721 ], [ 714804.870000001043081, 1414739.0 ], [ 714734.829999998211861, 1414848.109999999403954 ], [ 714664.690000001341105, 1414922.259999997913837 ], [ 714527.339999999850988, 1415033.920000001788139 ], [ 713958.980000000447035, 1415455.590000003576279 ], [ 713577.030000001192093, 1415630.640000000596046 ], [ 713148.920000001788139, 1415824.780000001192093 ], [ 712871.179999999701977, 1415949.53999999910593 ], [ 712687.679999999701977, 1416020.619999997317791 ], [ 712409.489999998360872, 1416128.179999999701977 ], [ 711988.149999998509884, 1416364.770000003278255 ], [ 711856.940000001341105, 1416415.140000000596046 ], [ 711626.530000001192093, 1416501.619999997317791 ], [ 711275.5, 1416682.350000001490116 ], [ 711132.104062501341105, 1416763.977187499403954 ], [ 711155.797499999403954, 1416789.738750003278255 ], [ 711160.974062498658895, 1416791.24906250089407 ], [ 711168.853124998509884, 1416791.51468750089407 ], [ 711177.542187500745058, 1416791.841875001788139 ], [ 711189.347812499850988, 1416793.804999999701977 ], [ 711199.155625000596046, 1416794.69437500089407 ], [ 711205.093437500298023, 1416795.516249999403954 ], [ 711211.842187501490116, 1416796.099375002086163 ], [ 711216.902187500149012, 1416795.859687499701977 ], [ 711218.597187500447035, 1416793.292812496423721 ], [ 711221.661249998956919, 1416791.049062497913837 ], [ 711226.166875001043081, 1416788.248437501490116 ], [ 711234.60843750089407, 1416787.204999998211861 ], [ 711240.480624999850988, 1416786.086562499403954 ], [ 711251.989687498658895, 1416781.049687497317791 ], [ 711258.18062499910593, 1416780.501874998211861 ], [ 711264.681875001639128, 1416779.634687498211861 ], [ 711269.996249999850988, 1416777.395312502980232 ], [ 711274.751874998211861, 1416774.34468749910593 ], [ 711278.448125001043081, 1416771.232187502086163 ], [ 711280.952500000596046, 1416768.737499997019768 ], [ 711285.46000000089407, 1416764.806562498211861 ], [ 711289.161562498658895, 1416758.934062503278255 ], [ 711290.537187501788139, 1416756.126874998211861 ], [ 711293.669062498956919, 1416755.013125002384186 ], [ 711297.285624999552965, 1416756.700312502682209 ], [ 711300.911562498658895, 1416758.64750000089407 ], [ 711304.845937501639128, 1416761.465000003576279 ], [ 711309.650625001639128, 1416763.974375002086163 ], [ 711315.268125001341105, 1416765.115625001490116 ], [ 711319.460625000298023, 1416763.743749998509884 ], [ 711322.52437499910593, 1416761.820000000298023 ], [ 711327.028124999254942, 1416759.82906249910593 ], [ 711331.52437499910593, 1416761.517812497913837 ], [ 711334.338437501341105, 1416764.593125000596046 ], [ 711337.707187499850988, 1416765.159687496721745 ], [ 711340.269062500447035, 1416764.034687496721745 ], [ 711343.645624998956919, 1416765.731562502682209 ], [ 711348.646249998360872, 1416765.181562498211861 ], [ 711350.089687500149012, 1416763.494374997913837 ], [ 711353.71000000089407, 1416763.251562498509884 ], [ 711359.092500001192093, 1416761.892499998211861 ], [ 711367.525312498211861, 1416760.219062499701977 ], [ 711373.410937499254942, 1416757.10062500089407 ], [ 711377.918124999850988, 1416753.490000002086163 ], [ 711383.236875001341105, 1416749.000624999403954 ], [ 711388.305312499403954, 1416744.510937497019768 ], [ 711393.695937499403954, 1416739.141874998807907 ], [ 711396.762187499552965, 1416735.838124997913837 ], [ 711401.204687498509884, 1416734.406874999403954 ], [ 711404.146875001490116, 1416733.232812501490116 ], [ 711406.51656249910593, 1416733.237187497317791 ], [ 711409.205625001341105, 1416733.802500002086163 ], [ 711411.643437501043081, 1416734.927500002086163 ], [ 711414.32124999910593, 1416735.812812499701977 ], [ 711416.199687499552965, 1416736.506250001490116 ], [ 711418.317187499254942, 1416737.760624997317791 ], [ 711420.63374999910593, 1416739.445000000298023 ], [ 711422.190312501043081, 1416741.137812502682209 ], [ 711425.122812498360872, 1416744.773749999701977 ], [ 711426.799375001341105, 1416746.526874996721745 ], [ 711428.865312501788139, 1416748.530937500298023 ], [ 711430.861562501639128, 1416750.464687496423721 ], [ 711433.286562498658895, 1416752.789374999701977 ], [ 711435.473437499254942, 1416754.473750002682209 ], [ 711439.157812498509884, 1416757.230625003576279 ], [ 711444.213437501341105, 1416759.240937501192093 ], [ 711447.842187501490116, 1416759.817812502384186 ], [ 711450.088750001043081, 1416761.502187497913837 ], [ 711451.451562501490116, 1416765.134999997913837 ], [ 711452.005624998360872, 1416767.945937499403954 ], [ 711453.753125000745058, 1416769.32906249910593 ], [ 711455.439687501639128, 1416771.012500002980232 ], [ 711457.435937501490116, 1416772.896250002086163 ], [ 711460.180937498807907, 1416775.271562501788139 ], [ 711464.369375001639128, 1416776.099687501788139 ], [ 711468.614999998360872, 1416778.108125001192093 ], [ 711471.979687500745058, 1416780.614687502384186 ], [ 711474.724687501788139, 1416783.179999999701977 ], [ 711476.159687500447035, 1416785.682812497019768 ], [ 711478.536562498658895, 1416787.127187497913837 ], [ 711482.341875001788139, 1416789.314999997615814 ], [ 711486.280937500298023, 1416789.892812497913837 ], [ 711490.212187498807907, 1416789.080312497913837 ], [ 711495.535937499254942, 1416787.160937502980232 ], [ 711498.401875000447035, 1416788.9765625 ], [ 711500.778749998658895, 1416790.601250000298023 ], [ 711502.774999998509884, 1416792.425312496721745 ], [ 711504.270624998956919, 1416794.487812496721745 ], [ 711505.885625001043081, 1416797.110937498509884 ], [ 711507.260937500745058, 1416799.433750003576279 ], [ 711508.257500000298023, 1416801.115312501788139 ], [ 711509.752812501043081, 1416803.438124999403954 ], [ 711511.249687500298023, 1416805.001249998807907 ], [ 711513.247187498956919, 1416806.315312497317791 ], [ 711515.744062498211861, 1416807.700000002980232 ], [ 711517.9921875, 1416808.634374998509884 ], [ 711520.241562500596046, 1416808.959062501788139 ], [ 711522.671562500298023, 1416808.713437497615814 ], [ 711526.361875001341105, 1416808.53125 ], [ 711530.608125001192093, 1416810.229374997317791 ], [ 711534.230937499552965, 1416813.856250002980232 ], [ 711537.59468749910593, 1416816.992812499403954 ], [ 711543.219062499701977, 1416819.684062503278255 ], [ 711546.966875001788139, 1416820.691249996423721 ], [ 711550.644999999552965, 1416821.518437497317791 ], [ 711553.214687500149012, 1416821.7734375 ], [ 711555.463125001639128, 1416822.277812503278255 ], [ 711563.712187498807907, 1416822.664374999701977 ], [ 711569.641874998807907, 1416822.675937503576279 ], [ 711575.209687501192093, 1416823.746875002980232 ], [ 711577.328437499701977, 1416824.251249998807907 ], [ 711580.016249999403954, 1416825.256562501192093 ], [ 711582.703437499701977, 1416826.581562496721745 ], [ 711585.450312498956919, 1416828.146875001490116 ], [ 711588.446562498807907, 1416830.09281250089407 ], [ 711602.482187498360872, 1416841.869999997317791 ], [ 711604.098437499254942, 1416843.873125001788139 ], [ 711605.783750001341105, 1416846.126562498509884 ], [ 711608.588750001043081, 1416848.561875000596046 ], [ 711613.084375001490116, 1416850.640625 ], [ 711615.082812499254942, 1416851.394687503576279 ], [ 711617.269062500447035, 1416853.148749999701977 ], [ 711619.075937498360872, 1416854.832187503576279 ], [ 711622.07124999910593, 1416857.028125002980232 ], [ 711623.505624998360872, 1416859.840625002980232 ], [ 711624.632500000298023, 1416861.532812498509884 ], [ 711626.309999998658895, 1416862.666249997913837 ], [ 711629.438124999403954, 1416863.542499996721745 ], [ 711631.376249998807907, 1416864.54593750089407 ], [ 711633.122499998658895, 1416866.239687502384186 ], [ 711635.118749998509884, 1416868.053437501192093 ], [ 711639.17281249910593, 1416871.121250003576279 ], [ 711643.975937500596046, 1416874.510624997317791 ], [ 711648.720937501639128, 1416876.769687503576279 ], [ 711655.848437499254942, 1416877.904062502086163 ], [ 711660.096250001341105, 1416878.982500001788139 ], [ 711662.213125001639128, 1416880.486249998211861 ], [ 711663.3984375, 1416882.738750003278255 ], [ 711666.510937500745058, 1416886.494687497615814 ], [ 711668.325937498360872, 1416888.928125001490116 ], [ 711670.003125000745058, 1416890.431562498211861 ], [ 711672.312187500298023, 1416895.875624999403954 ], [ 711675.359687499701977, 1416902.071562498807907 ], [ 711678.409687500447035, 1416906.887187503278255 ], [ 711681.033437501639128, 1416910.142499998211861 ], [ 711683.526562500745058, 1416913.526874996721745 ], [ 711687.264062501490116, 1416919.654375001788139 ], [ 711689.755937501788139, 1416923.848750002682209 ], [ 711705.34468749910593, 1416939.24906250089407 ], [ 711714.580937501043081, 1416945.956874996423721 ], [ 711725.570937499403954, 1416950.788750000298023 ], [ 711732.813124999403954, 1416954.432812497019768 ], [ 711740.109375, 1416961.196874998509884 ], [ 711748.536874998360872, 1416967.403125002980232 ], [ 711753.836562499403954, 1416972.473437502980232 ], [ 711761.139062501490116, 1416981.177500002086163 ], [ 711767.878437500447035, 1416986.250624999403954 ], [ 711777.97749999910593, 1416996.640000000596046 ], [ 711790.903124999254942, 1417003.73531249910593 ], [ 711798.759374998509884, 1417010.500624999403954 ], [ 711814.179999999701977, 1417019.780625000596046 ], [ 711822.606249999254942, 1417026.547187499701977 ], [ 711829.904375001788139, 1417032.431249998509884 ], [ 711834.324687499552965, 1417042.31937500089407 ], [ 711840.247187498956919, 1417051.010937497019768 ], [ 711845.855000000447035, 1417056.901562497019768 ], [ 711852.287500001490116, 1417060.604062497615814 ], [ 711857.588125001639128, 1417065.114687502384186 ], [ 711868.635312501341105, 1417071.386249996721745 ], [ 711872.754687499254942, 1417076.644062496721745 ], [ 711873.615937501192093, 1417081.145312502980232 ], [ 711875.548749998211861, 1417084.519062496721745 ], [ 711879.792500000447035, 1417087.587187498807907 ], [ 711888.169687498360872, 1417089.044062502682209 ], [ 711895.785624999552965, 1417090.74906250089407 ], [ 711902.220312498509884, 1417093.261562496423721 ], [ 711906.964062500745058, 1417096.330624997615814 ], [ 711911.265312500298023, 1417100.719062499701977 ], [ 711915.385625001043081, 1417105.347187496721745 ], [ 711920.186250001192093, 1417110.166249997913837 ], [ 711922.985624998807907, 1417115.241562500596046 ], [ 711926.350937500596046, 1417122.808124996721745 ], [ 711928.015312500298023, 1417130.68062499910593 ], [ 711929.133437499403954, 1417136.562812499701977 ], [ 711930.814687501639128, 1417140.815937496721745 ], [ 711931.363437499850988, 1417146.68656250089407 ], [ 711936.906874999403954, 1417154.82718750089407 ], [ 711937.209062501788139, 1417158.767499998211861 ], [ 711938.57906249910593, 1417163.830312497913837 ], [ 711938.57124999910593, 1417167.770000003278255 ], [ 711937.753437500447035, 1417171.698437497019768 ], [ 711940.554999999701977, 1417175.893437497317791 ], [ 711945.856562498956919, 1417180.154062502086163 ], [ 711952.981874998658895, 1417182.357812501490116 ], [ 711956.543749999254942, 1417181.304999999701977 ], [ 711960.170000001788139, 1417177.932187497615814 ], [ 711963.557812500745058, 1417173.99906250089407 ], [ 711967.501562498509884, 1417172.007187500596046 ], [ 711971.31156250089407, 1417171.894687503576279 ], [ 711974.115937501192093, 1417174.710312500596046 ], [ 711975.795000001788139, 1417180.093125000596046 ], [ 711979.1484375, 1417188.469374999403954 ], [ 711984.451875001192093, 1417196.669375002384186 ], [ 711989.806562498211861, 1417204.239687502384186 ], [ 711997.038437500596046, 1417213.253749996423721 ], [ 712003.213750001043081, 1417220.575625002384186 ], [ 712008.568437501788139, 1417228.155625000596046 ], [ 712017.24125000089407, 1417236.60249999910593 ], [ 712022.531562499701977, 1417246.432499997317791 ], [ 712027.65625, 1417254.197187498211861 ], [ 712034.321562498807907, 1417261.325000002980232 ], [ 712042.17875000089407, 1417267.530625000596046 ], [ 712052.526562500745058, 1417274.182187497615814 ], [ 712066.592500001192093, 1417280.268124997615814 ], [ 712075.028124999254942, 1417282.215000003576279 ], [ 712087.393437501043081, 1417284.239062502980232 ], [ 712100.830625001341105, 1417285.395625002682209 ], [ 712111.520937498658895, 1417285.106875002384186 ], [ 712119.143437501043081, 1417283.432187497615814 ], [ 712127.525312498211861, 1417282.318437501788139 ], [ 712133.144375000149012, 1417282.649687498807907 ], [ 712137.390937499701977, 1417284.337812498211861 ], [ 712142.443750001490116, 1417287.978124998509884 ], [ 712148.065000001341105, 1417292.17875000089407 ], [ 712155.864062499254942, 1417297.564062498509884 ], [ 712169.348749998956919, 1417304.900312498211861 ], [ 712186.771249998360872, 1417313.314062498509884 ], [ 712204.124687500298023, 1417321.218437500298023 ], [ 712219.611875001341105, 1417327.43843749910593 ], [ 712229.606249999254942, 1417330.018124997615814 ], [ 712239.542812500149012, 1417331.417812496423721 ], [ 712249.670312501490116, 1417332.557812497019768 ], [ 712263.097500000149012, 1417333.464374996721745 ], [ 712277.976874999701977, 1417333.494062498211861 ], [ 712289.537812501192093, 1417332.636562496423721 ], [ 712298.53999999910593, 1417331.284687496721745 ], [ 712310.295000001788139, 1417328.497812502086163 ], [ 712298.71875, 1417367.473125003278255 ], [ 712020.826875001192093, 1417289.427187502384186 ], [ 712012.323750000447035, 1417321.409062497317791 ], [ 712216.096875000745058, 1417527.17281249910593 ], [ 712219.79781249910593, 1417647.924687497317791 ], [ 712209.238437499850988, 1417738.959687501192093 ], [ 712091.225312501192093, 1417748.54593750089407 ], [ 712074.576562501490116, 1417793.760624997317791 ], [ 711981.087499998509884, 1417760.387500002980232 ], [ 711952.872187498956919, 1417834.518124997615814 ], [ 711934.635937500745058, 1417827.982500001788139 ], [ 711925.590312499552965, 1417851.273749999701977 ], [ 712037.88374999910593, 1417892.243749998509884 ], [ 711995.215624999254942, 1418008.714062497019768 ], [ 711882.111562501639128, 1417968.052500002086163 ], [ 711863.838125001639128, 1418015.644062496721745 ], [ 711977.122187498956919, 1418056.426250003278255 ], [ 711959.659687500447035, 1418103.579687498509884 ], [ 711846.806249998509884, 1418062.668437503278255 ], [ 711828.714375000447035, 1418109.510312497615814 ], [ 711942.316874999552965, 1418150.983125001192093 ], [ 711920.06937500089407, 1418210.806562498211861 ], [ 712062.090624999254942, 1418262.395000003278255 ], [ 711942.435937501490116, 1418596.393437497317791 ], [ 712115.074062500149012, 1418658.979687497019768 ], [ 712153.793124999850988, 1418551.544062502682209 ], [ 712247.936875000596046, 1418283.322812497615814 ], [ 712268.553437501192093, 1418231.239375002682209 ], [ 712289.589999999850988, 1418192.53999999910593 ], [ 712315.719999998807907, 1418159.719999998807907 ] ] ] } }
]
}
