{
"type": "FeatureCollection",
"name": "cnty_ed",
"crs": { "type": "name", "properties": { "name": "urn:ogc:def:crs:OGC:1.3:CRS84" } },
"features": [
    { "type": "Feature", "properties": { "ED": "TY_29", "DISTRICT": "29TH", "CNCLDIST": "6TH", "SWIS": "381700", "POLLING_PL": "COTTAGE STREET APARTMENTS", "ADDRESS": "31 COTTAGE ST", "CITY": "TROY", "ZIP": "12180", "COMMUNITY": "TROY", "UPDATED": "2019-02-07", "LABEL": "TROY - 29TH" }, "geometry": { "type": "Polygon", "coordinates": [ [ [ -73.688332633104579, 42.70581089713226 ], [ -73.688298872365294, 42.705512159831692 ], [ -73.688270816896903, 42.705049697863885 ], [ -73.688320016269088, 42.704934467025041 ], [ -73.68847675038532, 42.704804192386391 ], [ -73.688596810554273, 42.704727303965313 ], [ -73.688875389283865, 42.704591553128218 ], [ -73.688909526199581, 42.704507195715216 ], [ -73.688857826636351, 42.704114429967412 ], [ -73.688606430234984, 42.703822959581792 ], [ -73.688436456682112, 42.703530281961001 ], [ -73.688330420785562, 42.703193383996293 ], [ -73.688270231515261, 42.702850060471143 ], [ -73.688254647538969, 42.702449894383591 ], [ -73.688810481299214, 42.701152574272591 ], [ -73.689214553551636, 42.700326044710842 ], [ -73.689193801542487, 42.699653576804451 ], [ -73.688788046286078, 42.698466396722047 ], [ -73.688127062936474, 42.69653140687565 ], [ -73.687678707277215, 42.69551613735387 ], [ -73.706954024572269, 42.694001709509358 ], [ -73.705100394661812, 42.695400294431842 ], [ -73.703835308702978, 42.69727977631576 ], [ -73.702724217884992, 42.69923646312516 ], [ -73.702560611413162, 42.699883936763101 ], [ -73.702468025625592, 42.701066007640115 ], [ -73.701187289289905, 42.70118503790993 ], [ -73.700532296254934, 42.701244706275254 ], [ -73.699707156078674, 42.701319866023226 ], [ -73.698210027146274, 42.701447915408281 ], [ -73.69781873758555, 42.701567670226922 ], [ -73.697467285851033, 42.701716789828573 ], [ -73.697158968256616, 42.701902185260735 ], [ -73.696903261711086, 42.702095769315598 ], [ -73.696611606541197, 42.702390932512955 ], [ -73.696397094602162, 42.704216199435905 ], [ -73.69653587644089, 42.704512954616177 ], [ -73.697328477625874, 42.705318046796883 ], [ -73.697733800492429, 42.705838222950355 ], [ -73.697890305244073, 42.706042296686626 ], [ -73.697969682346582, 42.706442825700165 ], [ -73.697892336681335, 42.706852602265094 ], [ -73.697602347476931, 42.707557219442087 ], [ -73.697421580071165, 42.708170510808579 ], [ -73.697351309568873, 42.708267514546968 ], [ -73.697265416248172, 42.708216888516432 ], [ -73.697209904592995, 42.708164719181113 ], [ -73.697204852704587, 42.708103436531673 ], [ -73.697242490750838, 42.707994980996482 ], [ -73.697336528971931, 42.707785967036862 ], [ -73.697423322532217, 42.707524079220846 ], [ -73.696497912300686, 42.707194067128597 ], [ -73.695941090810109, 42.707022196041066 ], [ -73.695538809289616, 42.706912490399475 ], [ -73.695086359180308, 42.706847131402867 ], [ -73.693946363975726, 42.706686627246661 ], [ -73.692667060039796, 42.706541402105721 ], [ -73.691574297207111, 42.706394845203768 ], [ -73.690069772544874, 42.706136674947125 ], [ -73.688332633104579, 42.70581089713226 ] ] ] } },
{ "type": "Feature", "properties": { "ED": "TY_17", "DISTRICT": "17TH", "CNCLDIST": "4TH", "SWIS": "381700", "POLLING_PL": "JOHN F KENNEDY TOWERS", "ADDRESS": "2100 6TH AVE", "CITY": "TROY", "ZIP": "12180", "COMMUNITY": "TROY", "UPDATED": "2023-02-16", "LABEL": "TROY - 17TH" }, "geometry": { "type": "Polygon", "coordinates": [ [ [ -73.68998031597819, 42.732563458170937 ], [ -73.688774713413693, 42.732400984286393 ], [ -73.689042037450903, 42.731164492076068 ], [ -73.689310496556871, 42.729900017779542 ], [ -73.689569727534803, 42.728651639672101 ], [ -73.689816551620495, 42.727546411946541 ], [ -73.690174115927491, 42.725895764780986 ], [ -73.690322917429853, 42.725311814242446 ], [ -73.691515211249069, 42.725451402349982 ], [ -73.693421274315838, 42.725680715645204 ], [ -73.694661648343867, 42.725830488154479 ], [ -73.696564560088675, 42.726034701307569 ], [ -73.697671228415487, 42.726152221093216 ], [ -73.697736139141043, 42.727125411703248 ], [ -73.696964368272106, 42.728798341712164 ], [ -73.695773268987111, 42.730888160504342 ], [ -73.695196203883995, 42.731494299234676 ], [ -73.69282509365884, 42.732774830198345 ], [ -73.689632901344964, 42.735517977272593 ], [ -73.689246087558104, 42.736359333258349 ], [ -73.68998031597819, 42.732563458170937 ] ] ] } },
{ "type": "Feature", "properties": { "ED": "TY_8", "DISTRICT": "8TH", "CNCLDIST": "2ND", "SWIS": "381700", "POLLING_PL": "KNICKERBACKER ICE RINK", "ADDRESS": "191 103RD ST", "CITY": "TROY", "ZIP": "12180", "COMMUNITY": "TROY", "UPDATED": "2012-04-23", "LABEL": "TROY - 8TH" }, "geometry": { "type": "Polygon", "coordinates": [ [ [ -73.682546248080882, 42.756523240399666 ], [ -73.682034629147935, 42.759511647558895 ], [ -73.681926581731702, 42.76084620143267 ], [ -73.681545243087541, 42.762153803949047 ], [ -73.681065043161979, 42.763379968735563 ], [ -73.679868360059331, 42.763087947024992 ], [ -73.679351404892287, 42.764265738394997 ], [ -73.678166438080055, 42.764005147091339 ], [ -73.677009327054307, 42.763734096900762 ], [ -73.67755729480281, 42.762531815109263 ], [ -73.678098877276028, 42.761295403792545 ], [ -73.677534616960543, 42.761152203140924 ], [ -73.678073906898462, 42.759910835922518 ], [ -73.677485080206935, 42.759790261548346 ], [ -73.676901288901263, 42.75965517699732 ], [ -73.677396623761254, 42.758459870776285 ], [ -73.676804589463003, 42.758343632854 ], [ -73.676201014026859, 42.758232988986308 ], [ -73.674130606964198, 42.757872905532572 ], [ -73.675208732784668, 42.755824438252809 ], [ -73.677287716571286, 42.756015668936669 ], [ -73.678534983291755, 42.756140228432166 ], [ -73.67973804141495, 42.756240420016056 ], [ -73.681022247854415, 42.756362802258941 ], [ -73.682546248080882, 42.756523240399666 ] ] ] } },
{ "type": "Feature", "properties": { "ED": "TY_10", "DISTRICT": "10TH", "CNCLDIST": "2ND", "SWIS": "381700", "POLLING_PL": "SCHOOL 2", "ADDRESS": "470 10TH ST", "CITY": "TROY", "ZIP": "12180", "COMMUNITY": "TROY", "UPDATED": "2023-02-16", "LABEL": "TROY - 10TH" }, "geometry": { "type": "Polygon", "coordinates": [ [ [ -73.67940775393437, 42.740553166812553 ], [ -73.679708299525302, 42.739552731468216 ], [ -73.680678687557858, 42.739583743014933 ], [ -73.681646327615056, 42.739634127039622 ], [ -73.684940361520333, 42.739634677480112 ], [ -73.685906978995263, 42.73966111766989 ], [ -73.686778619797806, 42.73972836516046 ], [ -73.688019322158254, 42.740021505501602 ], [ -73.68846617110546, 42.740137452680464 ], [ -73.68831740562149, 42.741131084087392 ], [ -73.688275091944973, 42.741463882696991 ], [ -73.687706503540369, 42.746337784345926 ], [ -73.687030938535855, 42.751472535542725 ], [ -73.686975756464676, 42.751677754038951 ], [ -73.686629086211539, 42.75241124142363 ], [ -73.682523665932877, 42.752028715742242 ], [ -73.681239120525063, 42.751867931505011 ], [ -73.681249648636935, 42.751068121834038 ], [ -73.681657801630976, 42.748671081778475 ], [ -73.68067430732799, 42.748584088702998 ], [ -73.679733107308323, 42.748508695535115 ], [ -73.679991157809766, 42.746890604020592 ], [ -73.679296266405501, 42.746835026368771 ], [ -73.678449954692098, 42.746666923189586 ], [ -73.677493059105302, 42.746477274704269 ], [ -73.676573864025954, 42.746291950467175 ], [ -73.676607480880719, 42.746193681389158 ], [ -73.674810914759107, 42.745851466464863 ], [ -73.675784153091897, 42.744803394157096 ], [ -73.677453546443303, 42.742986333170144 ], [ -73.678397629486966, 42.741796546169503 ], [ -73.678912094836221, 42.741158076683554 ], [ -73.67940775393437, 42.740553166812553 ] ] ] } },
{ "type": "Feature", "properties": { "ED": "TY_9", "DISTRICT": "9TH", "CNCLDIST": "2ND", "SWIS": "381700", "POLLING_PL": "SCHOOL 2", "ADDRESS": "470 10TH ST", "CITY": "TROY", "ZIP": "12180", "COMMUNITY": "TROY", "UPDATED": "2023-02-16", "LABEL": "TROY - 9TH" }, "geometry": { "type": "Polygon", "coordinates": [ [ [ -73.674279202610862, 42.74642555475441 ], [ -73.674810914759107, 42.745851466464863 ], [ -73.676607480880719, 42.746193681389158 ], [ -73.676573864025954, 42.746291950467175 ], [ -73.677493059105302, 42.746477274704269 ], [ -73.678449954692098, 42.746666923189586 ], [ -73.679296266405501, 42.746835026368771 ], [ -73.679991157809766, 42.746890604020592 ], [ -73.679733107308323, 42.748508695535115 ], [ -73.68067430732799, 42.748584088702998 ], [ -73.681657801630976, 42.748671081778475 ], [ -73.681249648636935, 42.751068121834038 ], [ -73.681239120525063, 42.751867931505011 ], [ -73.682523665932877, 42.752028715742242 ], [ -73.686629086211539, 42.75241124142363 ], [ -73.68552375229595, 42.754915874240567 ], [ -73.684760741545716, 42.756544377102443 ], [ -73.684661298085572, 42.75680160781581 ], [ -73.682546248080882, 42.756523240399666 ], [ -73.681022247854415, 42.756362802258941 ], [ -73.67973804141495, 42.756240420016056 ], [ -73.678534983291755, 42.756140228432166 ], [ -73.677287716571286, 42.756015668936669 ], [ -73.675208732784668, 42.755824438252809 ], [ -73.675333324303153, 42.75558866306821 ], [ -73.676717262576517, 42.75331180163964 ], [ -73.670523277288325, 42.752960131373939 ], [ -73.671306607362581, 42.750758888859075 ], [ -73.671386457379015, 42.750335212072684 ], [ -73.671568311096678, 42.749227582500097 ], [ -73.671597380669496, 42.749052119901137 ], [ -73.67170049690823, 42.748779395589601 ], [ -73.671788831414617, 42.748635286790616 ], [ -73.672076242150922, 42.748289970555319 ], [ -73.672449421680383, 42.747981769004298 ], [ -73.672811586476982, 42.747754051436594 ], [ -73.673081986556014, 42.747533293417824 ], [ -73.673587078850915, 42.747120921785424 ], [ -73.674279202610862, 42.74642555475441 ] ] ] } },
{ "type": "Feature", "properties": { "ED": "TY_2", "DISTRICT": "2ND", "CNCLDIST": "1ST", "SWIS": "381700", "POLLING_PL": "CORLISS PARK COMMUNITY HALL", "ADDRESS": "1401 CORLISS PARK", "CITY": "TROY", "ZIP": "12182", "COMMUNITY": "TROY", "UPDATED": "2012-04-23", "LABEL": "TROY - 2ND" }, "geometry": { "type": "Polygon", "coordinates": [ [ [ -73.66004780893752, 42.787359407374495 ], [ -73.660328671840503, 42.787086873858129 ], [ -73.661149753886832, 42.787160119983866 ], [ -73.661438082563237, 42.787173098074796 ], [ -73.662430701366148, 42.786969183511829 ], [ -73.663963847899993, 42.78669586050168 ], [ -73.665265259608475, 42.786463908925469 ], [ -73.665957087329716, 42.786366241550034 ], [ -73.666711025649917, 42.786212330663716 ], [ -73.667847567498939, 42.785785587094381 ], [ -73.668138734855646, 42.785730874116076 ], [ -73.668846366552415, 42.785918461977545 ], [ -73.669386931962364, 42.786054700627879 ], [ -73.669967192020906, 42.786200883387878 ], [ -73.670558722622573, 42.786345800277118 ], [ -73.671704226688632, 42.786644957276472 ], [ -73.674430434878445, 42.787288962398868 ], [ -73.674284808844334, 42.787610937658584 ], [ -73.673989729795196, 42.788306996203502 ], [ -73.673814110997967, 42.788749189166808 ], [ -73.673624419692828, 42.789226815230499 ], [ -73.673440367439483, 42.789784414717055 ], [ -73.673291798886751, 42.790267852428343 ], [ -73.67314565781696, 42.790851436419217 ], [ -73.673024412883422, 42.791414619876491 ], [ -73.672909510434209, 42.792018954246259 ], [ -73.672866575881244, 42.792268952813409 ], [ -73.67282525969857, 42.792825441610127 ], [ -73.672802185338824, 42.793332642487428 ], [ -73.672830326464293, 42.793882964969008 ], [ -73.672828413340184, 42.794390291178551 ], [ -73.672813295481035, 42.794607781959243 ], [ -73.672782100137397, 42.794807073561159 ], [ -73.672626467245792, 42.795181768717988 ], [ -73.669379322320381, 42.794409762502376 ], [ -73.668078970127539, 42.79410102404406 ], [ -73.667178831990284, 42.793883051476151 ], [ -73.666228461220612, 42.793652746486877 ], [ -73.664672165899916, 42.793267428073364 ], [ -73.66389461390024, 42.793068596404467 ], [ -73.659025176350184, 42.791823451001292 ], [ -73.65893405623612, 42.791800063070596 ], [ -73.659026635600213, 42.790907081351939 ], [ -73.659054075749026, 42.790319543154695 ], [ -73.659157784658646, 42.789847237193612 ], [ -73.659422408265854, 42.788989069581888 ], [ -73.659847003099017, 42.787816678260121 ], [ -73.66004780893752, 42.787359407374495 ] ] ] } },
{ "type": "Feature", "properties": { "ED": "TY_1", "DISTRICT": "1ST", "CNCLDIST": "1ST", "SWIS": "381700", "POLLING_PL": "OAKWOOD BIBLE CHURCH", "ADDRESS": "260 OAKWOOD AVE", "CITY": "TROY", "ZIP": "12182", "COMMUNITY": "TROY", "UPDATED": "2019-02-07", "LABEL": "TROY - 1ST" }, "geometry": { "type": "Polygon", "coordinates": [ [ [ -73.652883199239284, 42.780498575220676 ], [ -73.652590642143167, 42.780113567294613 ], [ -73.65268544957172, 42.780084345355526 ], [ -73.653667698222506, 42.779781913508778 ], [ -73.653914129865896, 42.780174099950607 ], [ -73.656517104730071, 42.779381164881897 ], [ -73.656807922772956, 42.779292628905743 ], [ -73.65758202947751, 42.779056687344557 ], [ -73.657694533206453, 42.779022357218352 ], [ -73.657752518378459, 42.778862321353898 ], [ -73.65906604102193, 42.775235681031951 ], [ -73.659925360380484, 42.772902958268674 ], [ -73.660009768251228, 42.772676272311628 ], [ -73.66061363166331, 42.771028155350102 ], [ -73.662416405837163, 42.765643025195317 ], [ -73.670056498094041, 42.767463015193705 ], [ -73.669415812340901, 42.769995904351468 ], [ -73.669514041693006, 42.771859724610863 ], [ -73.6691397175655, 42.772687404720422 ], [ -73.668420918811449, 42.773370661802112 ], [ -73.668422968593759, 42.776577446925899 ], [ -73.668047445675242, 42.777777971152176 ], [ -73.667490477619381, 42.778888351088341 ], [ -73.667472643211937, 42.778923866211407 ], [ -73.666081443894399, 42.781276012314159 ], [ -73.665277890564212, 42.78230465158083 ], [ -73.664104322360927, 42.783473959374511 ], [ -73.662437258836164, 42.784974059343575 ], [ -73.661375453058497, 42.785876285327994 ], [ -73.660328671840503, 42.787086873858129 ], [ -73.66004780893752, 42.787359407374495 ], [ -73.659847003099017, 42.787816678260121 ], [ -73.659422408265854, 42.788989069581888 ], [ -73.659157784658646, 42.789847237193612 ], [ -73.659054075749026, 42.790319543154695 ], [ -73.659026635600213, 42.790907081351939 ], [ -73.65893405623612, 42.791800063070596 ], [ -73.654372824706869, 42.790633370377023 ], [ -73.653759827874211, 42.789584878623089 ], [ -73.653207890661378, 42.78864126948325 ], [ -73.651976416778979, 42.7865351967667 ], [ -73.649850819699665, 42.784473738829988 ], [ -73.649162042108188, 42.783807068936511 ], [ -73.649233439734573, 42.783018994698168 ], [ -73.649286354332986, 42.782429909258774 ], [ -73.649366542297585, 42.781597616798599 ], [ -73.652247130014558, 42.780696786279158 ], [ -73.652883199239284, 42.780498575220676 ] ] ] } },
{ "type": "Feature", "properties": { "ED": "TY_3", "DISTRICT": "3RD", "CNCLDIST": "1ST", "SWIS": "381700", "POLLING_PL": "LANSINGBURGH VETERANS CLUB", "ADDRESS": "777 1ST AVE", "CITY": "TROY", "ZIP": "12182", "COMMUNITY": "TROY", "UPDATED": "2021-09-11", "LABEL": "TROY - 3RD" }, "geometry": { "type": "Polygon", "coordinates": [ [ [ -73.668846366552415, 42.785918461977545 ], [ -73.668138734855646, 42.785730874116076 ], [ -73.667847567498939, 42.785785587094381 ], [ -73.666711025649917, 42.786212330663716 ], [ -73.665957087329716, 42.786366241550034 ], [ -73.665265259608475, 42.786463908925469 ], [ -73.663963847899993, 42.78669586050168 ], [ -73.662430701366148, 42.786969183511829 ], [ -73.661438082563237, 42.787173098074796 ], [ -73.661149753886832, 42.787160119983866 ], [ -73.660328671840503, 42.787086873858129 ], [ -73.661375453058497, 42.785876285327994 ], [ -73.662437258836164, 42.784974059343575 ], [ -73.664104322360927, 42.783473959374511 ], [ -73.665277890564212, 42.78230465158083 ], [ -73.666081443894399, 42.781276012314159 ], [ -73.668184793667976, 42.781750987862495 ], [ -73.668683320764075, 42.781874631321266 ], [ -73.669867998942138, 42.782165310341639 ], [ -73.671011134802214, 42.782446099758488 ], [ -73.672230414377424, 42.782747267436733 ], [ -73.673371869119862, 42.783035622052246 ], [ -73.674514665447234, 42.783327542177808 ], [ -73.675043153817981, 42.783460758454012 ], [ -73.676789679606458, 42.783852996136254 ], [ -73.676613260971948, 42.784098721692544 ], [ -73.675832039750475, 42.785031271794686 ], [ -73.67488283792072, 42.786376408567271 ], [ -73.674430434878445, 42.787288962398868 ], [ -73.671704226688632, 42.786644957276472 ], [ -73.670558722622573, 42.786345800277118 ], [ -73.669967192020906, 42.786200883387878 ], [ -73.669386931962364, 42.786054700627879 ], [ -73.668846366552415, 42.785918461977545 ] ] ] } },
{ "type": "Feature", "properties": { "ED": "TY_4", "DISTRICT": "4TH", "CNCLDIST": "1ST", "SWIS": "381700", "POLLING_PL": "LANSINGBURGH BOYS & GIRLS CLUB", "ADDRESS": "501 4TH AVE", "CITY": "TROY", "ZIP": "12182", "COMMUNITY": "TROY", "UPDATED": "2012-04-23", "LABEL": "TROY - 4TH" }, "geometry": { "type": "Polygon", "coordinates": [ [ [ -73.669566915533835, 42.777218656107017 ], [ -73.669732392273843, 42.776852239907249 ], [ -73.67034185289144, 42.777003434636633 ], [ -73.670913928845309, 42.777145464841716 ], [ -73.672090857572826, 42.777435900250808 ], [ -73.673279262362342, 42.777743721165031 ], [ -73.674454302194547, 42.778018203337751 ], [ -73.675585578035182, 42.778267854311558 ], [ -73.676711300851196, 42.778521213489405 ], [ -73.678551386849705, 42.778962571868263 ], [ -73.678154877534951, 42.77980058124318 ], [ -73.677719812799111, 42.781380755678562 ], [ -73.677523134373857, 42.782217532973178 ], [ -73.677419929599907, 42.782504005236795 ], [ -73.677384623581446, 42.782635726771119 ], [ -73.677175554055523, 42.783130852940374 ], [ -73.677040599440417, 42.78342480992616 ], [ -73.676841388996067, 42.783780971303877 ], [ -73.676789679606458, 42.783852996136254 ], [ -73.675043153817981, 42.783460758454012 ], [ -73.674514665447234, 42.783327542177808 ], [ -73.673371869119862, 42.783035622052246 ], [ -73.672230414377424, 42.782747267436733 ], [ -73.671011134802214, 42.782446099758488 ], [ -73.669867998942138, 42.782165310341639 ], [ -73.668683320764075, 42.781874631321266 ], [ -73.668184793667976, 42.781750987862495 ], [ -73.666081443894399, 42.781276012314159 ], [ -73.667472643211937, 42.778923866211407 ], [ -73.667490477619381, 42.778888351088341 ], [ -73.667830461280545, 42.778482155797818 ], [ -73.66812877051494, 42.77812233246722 ], [ -73.668304916273186, 42.777922557769031 ], [ -73.668475925478276, 42.777842110257737 ], [ -73.669211466950287, 42.77755704955171 ], [ -73.669390178524822, 42.77742967896279 ], [ -73.669566915533835, 42.777218656107017 ] ] ] } },
{ "type": "Feature", "properties": { "ED": "TY_5", "DISTRICT": "5TH", "CNCLDIST": "1ST", "SWIS": "381700", "POLLING_PL": "LANSINGBURGH BOYS & GIRLS CLUB", "ADDRESS": "501 4TH AVE", "CITY": "TROY", "ZIP": "12182", "COMMUNITY": "TROY", "UPDATED": "2019-02-07", "LABEL": "TROY - 5TH" }, "geometry": { "type": "Polygon", "coordinates": [ [ [ -73.668047445675242, 42.777777971152176 ], [ -73.668422968593759, 42.776577446925899 ], [ -73.668420918811449, 42.773370661802112 ], [ -73.6691397175655, 42.772687404720422 ], [ -73.670266477444528, 42.77295957652855 ], [ -73.671405153431905, 42.773249467517743 ], [ -73.671955828548832, 42.772031950132494 ], [ -73.673124631607095, 42.772310352370603 ], [ -73.674302609978653, 42.772605410158114 ], [ -73.676613043518969, 42.773170520757695 ], [ -73.677772270125956, 42.773472130863865 ], [ -73.678923034460979, 42.773746941801875 ], [ -73.680660075533638, 42.774165484557777 ], [ -73.678551386849705, 42.778962571868263 ], [ -73.676711300851196, 42.778521213489405 ], [ -73.675585578035182, 42.778267854311558 ], [ -73.674454302194547, 42.778018203337751 ], [ -73.673279262362342, 42.777743721165031 ], [ -73.672090857572826, 42.777435900250808 ], [ -73.670913928845309, 42.777145464841716 ], [ -73.67034185289144, 42.777003434636633 ], [ -73.669732392273843, 42.776852239907249 ], [ -73.669566915533835, 42.777218656107017 ], [ -73.669390178524822, 42.77742967896279 ], [ -73.669211466950287, 42.77755704955171 ], [ -73.668475925478276, 42.777842110257737 ], [ -73.668304916273186, 42.777922557769031 ], [ -73.66812877051494, 42.77812233246722 ], [ -73.667830461280545, 42.778482155797818 ], [ -73.667490477619381, 42.778888351088341 ], [ -73.668047445675242, 42.777777971152176 ] ] ] } },
{ "type": "Feature", "properties": { "ED": "TY_6", "DISTRICT": "6TH", "CNCLDIST": "1ST", "SWIS": "381700", "POLLING_PL": "LANSINGBURGH BOYS & GIRLS CLUB", "ADDRESS": "501 4TH AVE", "CITY": "TROY", "ZIP": "12182", "COMMUNITY": "TROY", "UPDATED": "2019-02-07", "LABEL": "TROY - 6TH" }, "geometry": { "type": "Polygon", "coordinates": [ [ [ -73.673124631607095, 42.772310352370603 ], [ -73.671955828548832, 42.772031950132494 ], [ -73.671405153431905, 42.773249467517743 ], [ -73.670266477444528, 42.77295957652855 ], [ -73.6691397175655, 42.772687404720422 ], [ -73.669514041693006, 42.771859724610863 ], [ -73.669415812340901, 42.769995904351468 ], [ -73.670056498094041, 42.767463015193705 ], [ -73.670503422359047, 42.76758830747189 ], [ -73.67127853005843, 42.76778125373783 ], [ -73.673596874143627, 42.76834373863457 ], [ -73.675951516684478, 42.768932972488642 ], [ -73.678279868162505, 42.769502596469295 ], [ -73.680578372246586, 42.770057114371042 ], [ -73.682187782496001, 42.770533794406383 ], [ -73.681170889747364, 42.772955965724989 ], [ -73.680660075533638, 42.774165484557777 ], [ -73.678923034460979, 42.773746941801875 ], [ -73.677772270125956, 42.773472130863865 ], [ -73.676613043518969, 42.773170520757695 ], [ -73.674302609978653, 42.772605410158114 ], [ -73.673124631607095, 42.772310352370603 ] ] ] } },
{ "type": "Feature", "properties": { "ED": "TY_7", "DISTRICT": "7TH", "CNCLDIST": "2ND", "SWIS": "381700", "POLLING_PL": "KNICKERBACKER ICE RINK", "ADDRESS": "191 103RD ST", "CITY": "TROY", "ZIP": "12180", "COMMUNITY": "TROY", "UPDATED": "2012-04-23", "LABEL": "TROY - 7TH" }, "geometry": { "type": "Polygon", "coordinates": [ [ [ -73.663318180417718, 42.760850703247925 ], [ -73.663446039305271, 42.760609215551966 ], [ -73.663626945356413, 42.760340826662507 ], [ -73.663877793113699, 42.760074567127688 ], [ -73.664168473560821, 42.759822949015351 ], [ -73.664466578361569, 42.75958397939889 ], [ -73.665223886226798, 42.759063527329396 ], [ -73.666612971149434, 42.758117214094575 ], [ -73.667936188579716, 42.75722300824841 ], [ -73.668835717751151, 42.756624756783431 ], [ -73.668921956755909, 42.756535707837969 ], [ -73.668999587940874, 42.756430379161017 ], [ -73.669051897577546, 42.756341797351283 ], [ -73.669125956823393, 42.756172122655819 ], [ -73.669260886224933, 42.755822085482635 ], [ -73.669644500153339, 42.754962748842367 ], [ -73.670523277288325, 42.752960131373939 ], [ -73.676717262576517, 42.75331180163964 ], [ -73.675333324303153, 42.75558866306821 ], [ -73.675208732784668, 42.755824438252809 ], [ -73.674130606964198, 42.757872905532572 ], [ -73.676201014026859, 42.758232988986308 ], [ -73.676804589463003, 42.758343632854 ], [ -73.677396623761254, 42.758459870776285 ], [ -73.676901288901263, 42.75965517699732 ], [ -73.677485080206935, 42.759790261548346 ], [ -73.678073906898462, 42.759910835922518 ], [ -73.677534616960543, 42.761152203140924 ], [ -73.678098877276028, 42.761295403792545 ], [ -73.67755729480281, 42.762531815109263 ], [ -73.677009327054307, 42.763734096900762 ], [ -73.678166438080055, 42.764005147091339 ], [ -73.679351404892287, 42.764265738394997 ], [ -73.679868360059331, 42.763087947024992 ], [ -73.681065043161979, 42.763379968735563 ], [ -73.681545243087541, 42.762153803949047 ], [ -73.681926581731702, 42.76084620143267 ], [ -73.682034629147935, 42.759511647558895 ], [ -73.682546248080882, 42.756523240399666 ], [ -73.684661298085572, 42.75680160781581 ], [ -73.684188998198493, 42.758023946683636 ], [ -73.684346303361224, 42.760044287092434 ], [ -73.684363605448752, 42.761442107647191 ], [ -73.684253538990973, 42.763538637344709 ], [ -73.684168769386389, 42.764214792354501 ], [ -73.683663096252843, 42.766527035496978 ], [ -73.68272871937512, 42.769205107648844 ], [ -73.682187782496001, 42.770533794406383 ], [ -73.680578372246586, 42.770057114371042 ], [ -73.678279868162505, 42.769502596469295 ], [ -73.675951516684478, 42.768932972488642 ], [ -73.673596874143627, 42.76834373863457 ], [ -73.67127853005843, 42.76778125373783 ], [ -73.670503422359047, 42.76758830747189 ], [ -73.670056498094041, 42.767463015193705 ], [ -73.662416405837163, 42.765643025195317 ], [ -73.663221298703093, 42.763238379892613 ], [ -73.663318180417718, 42.760850703247925 ] ] ] } },
{ "type": "Feature", "properties": { "ED": "TY_12", "DISTRICT": "12TH", "CNCLDIST": "3RD", "SWIS": "381700", "POLLING_PL": "HILTON GARDEN INN", "ADDRESS": "235 HOOSICK ST", "CITY": "TROY", "ZIP": "12180", "COMMUNITY": "TROY", "UPDATED": "2021-09-11", "LABEL": "TROY - 12TH" }, "geometry": { "type": "Polygon", "coordinates": [ [ [ -73.661072275382978, 42.746499397999933 ], [ -73.660473214833488, 42.745129495318956 ], [ -73.660574171510078, 42.744873695747692 ], [ -73.660565154112689, 42.74450452981214 ], [ -73.660437736500455, 42.743636810649619 ], [ -73.660203292716076, 42.743086092974259 ], [ -73.660301639950589, 42.743067605874472 ], [ -73.661551019387176, 42.742792587519389 ], [ -73.661795715387385, 42.742497446832083 ], [ -73.662097071921494, 42.742318298879042 ], [ -73.662405697127497, 42.742157698075587 ], [ -73.662778180978876, 42.741962851255913 ], [ -73.66343866842476, 42.741617703688085 ], [ -73.663640385681234, 42.741619231871056 ], [ -73.663583176139454, 42.741139403803459 ], [ -73.66354176725612, 42.740794121336286 ], [ -73.663752755348227, 42.740795360305221 ], [ -73.663922655254979, 42.740338648800531 ], [ -73.664085736351069, 42.740336683606074 ], [ -73.664149353553924, 42.740154065915185 ], [ -73.664163357766355, 42.739782186720383 ], [ -73.664173314432063, 42.739395679691803 ], [ -73.66417602101113, 42.739232978143164 ], [ -73.66415846849452, 42.738960010585892 ], [ -73.664077098554301, 42.738566004293332 ], [ -73.664059279689539, 42.738124468617478 ], [ -73.661997788583093, 42.738188211551005 ], [ -73.661758926764421, 42.738175953845705 ], [ -73.663070544466478, 42.737738350884577 ], [ -73.663534668039986, 42.737650063426962 ], [ -73.664028388622512, 42.737575326147109 ], [ -73.664580884403392, 42.737536825167979 ], [ -73.66506556632244, 42.737550183365641 ], [ -73.665430671166433, 42.737586431546362 ], [ -73.666067962101494, 42.737684316198042 ], [ -73.666577628525772, 42.737755694208289 ], [ -73.66698313008348, 42.737822168844133 ], [ -73.670070188361123, 42.738250973209546 ], [ -73.67109698042961, 42.738410922999428 ], [ -73.672830563634975, 42.73866238033839 ], [ -73.672493428082859, 42.739828108386988 ], [ -73.672028530435213, 42.740732475212951 ], [ -73.671095358474687, 42.742350056297383 ], [ -73.670831610698855, 42.742865754216425 ], [ -73.670755682452096, 42.743101822519243 ], [ -73.670498840432103, 42.744028955129444 ], [ -73.670348846623668, 42.744528462638499 ], [ -73.670238618719594, 42.744759479982733 ], [ -73.670120361309941, 42.744869509485788 ], [ -73.669833740918961, 42.745024857343289 ], [ -73.669030489661452, 42.74589849436061 ], [ -73.66915241887888, 42.74603512629762 ], [ -73.669140294165658, 42.746117825795494 ], [ -73.669144257381021, 42.746233652719631 ], [ -73.669161324000441, 42.746305011618055 ], [ -73.669304049469403, 42.746445690782082 ], [ -73.669539124379, 42.746493111247659 ], [ -73.670079998755412, 42.746538851173007 ], [ -73.67043041938021, 42.746552496527315 ], [ -73.670711367812899, 42.746538183719942 ], [ -73.671248018410026, 42.746501429368976 ], [ -73.671813704233472, 42.746560072964407 ], [ -73.672751763872753, 42.746835081998277 ], [ -73.673587078850915, 42.747120921785424 ], [ -73.673081986556014, 42.747533293417824 ], [ -73.672811586476982, 42.747754051436594 ], [ -73.672449421680383, 42.747981769004298 ], [ -73.672076242150922, 42.748289970555319 ], [ -73.671788831414617, 42.748635286790616 ], [ -73.67170049690823, 42.748779395589601 ], [ -73.671597380669496, 42.749052119901137 ], [ -73.671568311096678, 42.749227582500097 ], [ -73.671386457379015, 42.750335212072684 ], [ -73.671306607362581, 42.750758888859075 ], [ -73.670523277288325, 42.752960131373939 ], [ -73.669644500153339, 42.754962748842367 ], [ -73.669260886224933, 42.755822085482635 ], [ -73.669125956823393, 42.756172122655819 ], [ -73.669051897577546, 42.756341797351283 ], [ -73.668999587940874, 42.756430379161017 ], [ -73.668921956755909, 42.756535707837969 ], [ -73.668835717751151, 42.756624756783431 ], [ -73.667936188579716, 42.75722300824841 ], [ -73.666612971149434, 42.758117214094575 ], [ -73.665223886226798, 42.759063527329396 ], [ -73.664466578361569, 42.75958397939889 ], [ -73.664168473560821, 42.759822949015351 ], [ -73.663877793113699, 42.760074567127688 ], [ -73.663626945356413, 42.760340826662507 ], [ -73.663446039305271, 42.760609215551966 ], [ -73.663318180417718, 42.760850703247925 ], [ -73.66333509328895, 42.760366436877362 ], [ -73.66472609692633, 42.754898498142488 ], [ -73.661072275382978, 42.746499397999933 ] ] ] } },
{ "type": "Feature", "properties": { "ED": "TY_15", "DISTRICT": "15TH", "CNCLDIST": "4TH", "SWIS": "381700", "POLLING_PL": "HILTON GARDEN INN", "ADDRESS": "235 HOOSICK ST", "CITY": "TROY", "ZIP": "12180", "COMMUNITY": "TROY", "UPDATED": "2023-02-16", "LABEL": "TROY - 15TH" }, "geometry": { "type": "Polygon", "coordinates": [ [ [ -73.678070577165769, 42.727427703862126 ], [ -73.678063406495028, 42.727342175497384 ], [ -73.678042353298238, 42.727090313438069 ], [ -73.678088273534769, 42.726823126333706 ], [ -73.678449216854503, 42.725723708640153 ], [ -73.678655299469497, 42.725190180724347 ], [ -73.678751211468366, 42.724764060065219 ], [ -73.679748483577555, 42.724903689199373 ], [ -73.680730865167916, 42.725049569314479 ], [ -73.680794202873372, 42.724697002934597 ], [ -73.680822004294924, 42.724542243949124 ], [ -73.680872026275892, 42.724423502523223 ], [ -73.680933301873324, 42.724370346158743 ], [ -73.681102558712809, 42.724324490996104 ], [ -73.681242771375153, 42.724620301460234 ], [ -73.681321551422656, 42.724786358729745 ], [ -73.68140952077168, 42.725141216049806 ], [ -73.68148498696327, 42.725445027048089 ], [ -73.681546235485825, 42.725726262669049 ], [ -73.681568668732396, 42.726114842227915 ], [ -73.68161096618698, 42.726407988702711 ], [ -73.681716828577933, 42.726605273434615 ], [ -73.681951592686545, 42.726733697848168 ], [ -73.68220238361215, 42.72682930771213 ], [ -73.682428649369271, 42.726910637576978 ], [ -73.682908374373554, 42.727065971300277 ], [ -73.683514211561274, 42.726948044882569 ], [ -73.684621291746652, 42.726854429868268 ], [ -73.68645694562629, 42.727064396424709 ], [ -73.686701155078538, 42.72715160780092 ], [ -73.687318286063217, 42.727245773612069 ], [ -73.687506612905821, 42.72655871183543 ], [ -73.688699501026434, 42.725128932885703 ], [ -73.689058323777644, 42.725157213268616 ], [ -73.689697797296802, 42.725237804247747 ], [ -73.690322917429853, 42.725311814242446 ], [ -73.690174115927491, 42.725895764780986 ], [ -73.689816551620495, 42.727546411946541 ], [ -73.689569727534803, 42.728651639672101 ], [ -73.689310496556871, 42.729900017779542 ], [ -73.689042037450903, 42.731164492076068 ], [ -73.688774713413693, 42.732400984286393 ], [ -73.683837977700776, 42.731811119756195 ], [ -73.683483027280872, 42.733139119696297 ], [ -73.682545272099915, 42.732912467955963 ], [ -73.682453966742045, 42.732864152247245 ], [ -73.682352906207939, 42.732784896375769 ], [ -73.682225787041631, 42.732666214581251 ], [ -73.681813272355996, 42.732173570410183 ], [ -73.681784962637821, 42.732139760533613 ], [ -73.681641100333692, 42.73197792162577 ], [ -73.681562384894306, 42.731895120259253 ], [ -73.681454128106424, 42.731706626808297 ], [ -73.681379084711324, 42.731573910028622 ], [ -73.681335089967163, 42.73153559059903 ], [ -73.681222248150917, 42.731490604882481 ], [ -73.6811409362018, 42.731460964155033 ], [ -73.681012579733633, 42.731433868205556 ], [ -73.680844912508476, 42.731398642994975 ], [ -73.680315356264231, 42.731282924735652 ], [ -73.680114426279474, 42.731221309683328 ], [ -73.679250962319387, 42.731093975644427 ], [ -73.677200688894402, 42.730795283516812 ], [ -73.677722729650711, 42.729010906180939 ], [ -73.677956223800123, 42.728206794645303 ], [ -73.678036644391966, 42.727948334328694 ], [ -73.678081345111508, 42.727556504139521 ], [ -73.678070577165769, 42.727427703862126 ] ] ] } },
{ "type": "Feature", "properties": { "ED": "TY_11", "DISTRICT": "11TH", "CNCLDIST": "3RD", "SWIS": "381700", "POLLING_PL": "HILTON GARDEN INN", "ADDRESS": "235 HOOSICK ST", "CITY": "TROY", "ZIP": "12180", "COMMUNITY": "TROY", "UPDATED": "2021-09-11", "LABEL": "TROY - 11TH" }, "geometry": { "type": "Polygon", "coordinates": [ [ [ -73.681813272355996, 42.732173570410183 ], [ -73.68154148797052, 42.7330342138604 ], [ -73.681304518645646, 42.733813116955659 ], [ -73.680991417566446, 42.734971304847953 ], [ -73.680366975531626, 42.737106089534713 ], [ -73.679708299525302, 42.739552731468216 ], [ -73.67940775393437, 42.740553166812553 ], [ -73.678912094836221, 42.741158076683554 ], [ -73.678397629486966, 42.741796546169503 ], [ -73.677453546443303, 42.742986333170144 ], [ -73.675784153091897, 42.744803394157096 ], [ -73.674810914759107, 42.745851466464863 ], [ -73.674279202610862, 42.74642555475441 ], [ -73.673587078850915, 42.747120921785424 ], [ -73.672751763872753, 42.746835081998277 ], [ -73.671813704233472, 42.746560072964407 ], [ -73.671248018410026, 42.746501429368976 ], [ -73.670711367812899, 42.746538183719942 ], [ -73.67043041938021, 42.746552496527315 ], [ -73.670079998755412, 42.746538851173007 ], [ -73.669539124379, 42.746493111247659 ], [ -73.669304049469403, 42.746445690782082 ], [ -73.669161324000441, 42.746305011618055 ], [ -73.669144257381021, 42.746233652719631 ], [ -73.669140294165658, 42.746117825795494 ], [ -73.66915241887888, 42.74603512629762 ], [ -73.669030489661452, 42.74589849436061 ], [ -73.669833740918961, 42.745024857343289 ], [ -73.670120361309941, 42.744869509485788 ], [ -73.670238618536629, 42.744759493701565 ], [ -73.670348846623668, 42.744528462638499 ], [ -73.670498840432103, 42.744028955129444 ], [ -73.670755682452096, 42.743101822519243 ], [ -73.670831610698855, 42.742865754216425 ], [ -73.671095358474687, 42.742350056297383 ], [ -73.672028530435213, 42.740732475212951 ], [ -73.672493427900406, 42.739828122105834 ], [ -73.672830563634975, 42.73866238033839 ], [ -73.672997802901548, 42.738688915573675 ], [ -73.673732930779792, 42.736121796867408 ], [ -73.67401719015507, 42.73506909412481 ], [ -73.674318066228992, 42.733980837773167 ], [ -73.675248943231736, 42.734104688175279 ], [ -73.676213900557698, 42.734255365889119 ], [ -73.677200688894402, 42.730795283516812 ], [ -73.679250962319387, 42.731093975644427 ], [ -73.680114426279474, 42.731221309683328 ], [ -73.680315356264231, 42.731282924735652 ], [ -73.680844912508476, 42.731398642994975 ], [ -73.681012579733633, 42.731433868205556 ], [ -73.6811409362018, 42.731460964155033 ], [ -73.681222248150917, 42.731490604882481 ], [ -73.681335089967163, 42.73153559059903 ], [ -73.681379084711324, 42.731573910028622 ], [ -73.681454128106424, 42.731706626808297 ], [ -73.681562384894306, 42.731895120259253 ], [ -73.681641100333692, 42.73197792162577 ], [ -73.681784962637821, 42.732139760533613 ], [ -73.681813272355996, 42.732173570410183 ] ] ] } },
{ "type": "Feature", "properties": { "ED": "TY_16", "DISTRICT": "16TH", "CNCLDIST": "4TH", "SWIS": "381700", "POLLING_PL": "RENSSELAER COUNTY GOVERNMENT CENTER", "ADDRESS": "1600 7TH AVE", "CITY": "TROY", "ZIP": "12180", "COMMUNITY": "TROY", "UPDATED": "2023-02-16", "LABEL": "TROY - 16TH" }, "geometry": { "type": "Polygon", "coordinates": [ [ [ -73.685906978995263, 42.73966111766989 ], [ -73.684940361520333, 42.739634677480112 ], [ -73.681646327615056, 42.739634127039622 ], [ -73.680678687557858, 42.739583743014933 ], [ -73.679708299525302, 42.739552731468216 ], [ -73.680366975531626, 42.737106089534713 ], [ -73.680991417566446, 42.734971304847953 ], [ -73.681304518645646, 42.733813116955659 ], [ -73.68154148797052, 42.7330342138604 ], [ -73.681813272355996, 42.732173570410183 ], [ -73.682225787041631, 42.732666214581251 ], [ -73.682352906207939, 42.732784896375769 ], [ -73.682453966742045, 42.732864152247245 ], [ -73.682545272099915, 42.732912467955963 ], [ -73.683483027280872, 42.733139119696297 ], [ -73.683837977700776, 42.731811119756195 ], [ -73.688774713413693, 42.732400984286393 ], [ -73.68998031597819, 42.732563458170937 ], [ -73.689246087558104, 42.736359333258349 ], [ -73.689065329330759, 42.736753167540783 ], [ -73.688637706205625, 42.738150860306732 ], [ -73.68851026907943, 42.739896042981911 ], [ -73.68846617110546, 42.740137452680464 ], [ -73.688019322158254, 42.740021505501602 ], [ -73.686778619797806, 42.73972836516046 ], [ -73.685906978995263, 42.73966111766989 ] ] ] } },
{ "type": "Feature", "properties": { "ED": "TY_24", "DISTRICT": "24TH", "CNCLDIST": "5TH", "SWIS": "381700", "POLLING_PL": "PAWLING AVENUE METHODIST CHURCH", "ADDRESS": "520 PAWLING AVE", "CITY": "TROY", "ZIP": "12180", "COMMUNITY": "TROY", "UPDATED": "2023-02-16", "LABEL": "TROY - 24TH" }, "geometry": { "type": "Polygon", "coordinates": [ [ [ -73.688606430234984, 42.703822959581792 ], [ -73.687776468050529, 42.703856179737507 ], [ -73.687174166327793, 42.703886399727907 ], [ -73.686174655607232, 42.703968209482191 ], [ -73.685814359246578, 42.703979561210879 ], [ -73.685048245408794, 42.703975237743755 ], [ -73.684747109992884, 42.704000452904815 ], [ -73.683986977952273, 42.7042950197403 ], [ -73.683354231581021, 42.704634970940731 ], [ -73.682066734159704, 42.705660236702705 ], [ -73.681644885970542, 42.70588983668069 ], [ -73.6811684458294, 42.706088805364146 ], [ -73.679727256336449, 42.706551512647259 ], [ -73.678591242976864, 42.707029315247205 ], [ -73.678430337131488, 42.706257933315179 ], [ -73.678244494289061, 42.70572727248198 ], [ -73.677837152257254, 42.705392236576323 ], [ -73.677680669580852, 42.705222600951792 ], [ -73.677551373145675, 42.704972155904649 ], [ -73.677420029221679, 42.704487985043102 ], [ -73.677114747966087, 42.703575946563731 ], [ -73.676909399469594, 42.702853169236263 ], [ -73.676895394422871, 42.702502351124565 ], [ -73.676903141684946, 42.701769442624553 ], [ -73.676650261942228, 42.701141870999848 ], [ -73.676556215124762, 42.700888193108227 ], [ -73.676363026857715, 42.700442761177023 ], [ -73.676113055653417, 42.699742327058672 ], [ -73.673574653432468, 42.700279244258418 ], [ -73.67202668524277, 42.700641859699104 ], [ -73.671223795430549, 42.696795967496961 ], [ -73.673533256558954, 42.696615251968225 ], [ -73.675625225501264, 42.696452311431742 ], [ -73.676517769136538, 42.696382777313758 ], [ -73.677318982303632, 42.696320417136477 ], [ -73.681500035252697, 42.695994578942731 ], [ -73.687590940500328, 42.695522704298128 ], [ -73.687678707277215, 42.69551613735387 ], [ -73.688127062936474, 42.69653140687565 ], [ -73.688788046286078, 42.698466396722047 ], [ -73.689193801542487, 42.699653576804451 ], [ -73.689214553551636, 42.700326044710842 ], [ -73.688810481299214, 42.701152574272591 ], [ -73.688254647538969, 42.702449894383591 ], [ -73.688270231515261, 42.702850060471143 ], [ -73.688330420785562, 42.703193383996293 ], [ -73.688436456682112, 42.703530281961001 ], [ -73.688606430234984, 42.703822959581792 ] ] ] } },
{ "type": "Feature", "properties": { "ED": "TY_13", "DISTRICT": "13TH", "CNCLDIST": "3RD", "SWIS": "381700", "POLLING_PL": "CONWAY COURT APARTMENTS", "ADDRESS": "12 CONWAY CT", "CITY": "TROY", "ZIP": "12180", "COMMUNITY": "TROY", "UPDATED": "2012-04-23", "LABEL": "TROY - 13TH" }, "geometry": { "type": "Polygon", "coordinates": [ [ [ -73.659332652101781, 42.742505406511029 ], [ -73.658099268013075, 42.739666533365408 ], [ -73.658062348827926, 42.739575022794313 ], [ -73.657338364905343, 42.73440946520217 ], [ -73.658132578905338, 42.734785549649573 ], [ -73.658233239474981, 42.735112500687364 ], [ -73.658430847164951, 42.735955905776962 ], [ -73.659819187556366, 42.734416102489497 ], [ -73.661780969570373, 42.732299786900192 ], [ -73.665819968170467, 42.728071954094013 ], [ -73.666152187154822, 42.727611042054505 ], [ -73.666445702444094, 42.72715777760336 ], [ -73.666871820973995, 42.726574064895914 ], [ -73.667853917042009, 42.727320147779743 ], [ -73.668223144666626, 42.728450191761091 ], [ -73.66825907615663, 42.728655267913865 ], [ -73.668239223757709, 42.728826242112326 ], [ -73.668195011327654, 42.728976266993513 ], [ -73.668108284820022, 42.729151969116693 ], [ -73.667800870250403, 42.729523089878469 ], [ -73.667707556320678, 42.729662412720586 ], [ -73.667650004159157, 42.729760505506569 ], [ -73.667188356899231, 42.730836984039286 ], [ -73.667022127753896, 42.730895265923941 ], [ -73.666915491250307, 42.730917293256653 ], [ -73.666835404484829, 42.730960752503208 ], [ -73.666762000538242, 42.73101937997167 ], [ -73.66645114949047, 42.73142345531928 ], [ -73.666068791379715, 42.731899726166979 ], [ -73.664936059587092, 42.73286170977341 ], [ -73.663585303382078, 42.733954626925836 ], [ -73.663498896109658, 42.734057994875783 ], [ -73.663369892453048, 42.734455816129419 ], [ -73.663082007655035, 42.735380182093003 ], [ -73.667065189848415, 42.735960442829729 ], [ -73.666577628525772, 42.737755694208289 ], [ -73.666067962101494, 42.737684316198042 ], [ -73.665430671166433, 42.737586431546362 ], [ -73.66506556632244, 42.737550183365641 ], [ -73.664580884403392, 42.737536825167979 ], [ -73.664028388622512, 42.737575326147109 ], [ -73.663534668039986, 42.737650063426962 ], [ -73.663070544466478, 42.737738350884577 ], [ -73.661758926764421, 42.738175953845705 ], [ -73.661997788583093, 42.738188211551005 ], [ -73.664059279689539, 42.738124468617478 ], [ -73.664077098554301, 42.738566004293332 ], [ -73.66415846849452, 42.738960010585892 ], [ -73.66417602101113, 42.739232978143164 ], [ -73.664173314432063, 42.739395679691803 ], [ -73.664163357766355, 42.739782186720383 ], [ -73.664149353553924, 42.740154065915185 ], [ -73.664085736351069, 42.740336683606074 ], [ -73.663922655254979, 42.740338648800531 ], [ -73.663752755348227, 42.740795360305221 ], [ -73.66354176725612, 42.740794121336286 ], [ -73.663583176139454, 42.741139403803459 ], [ -73.663640385681234, 42.741619231871056 ], [ -73.66343866842476, 42.741617703688085 ], [ -73.662778180978876, 42.741962851255913 ], [ -73.662405697127497, 42.742157698075587 ], [ -73.662097071921494, 42.742318298879042 ], [ -73.661795715387385, 42.742497446832083 ], [ -73.661551019387176, 42.742792587519389 ], [ -73.660301639950589, 42.743067605874472 ], [ -73.660203292716076, 42.743086092974259 ], [ -73.660437736500455, 42.743636810649619 ], [ -73.660565154112689, 42.74450452981214 ], [ -73.660574171510078, 42.744873695747692 ], [ -73.660473214833488, 42.745129495318956 ], [ -73.660157914281172, 42.744404158365207 ], [ -73.659332652101781, 42.742505406511029 ] ] ] } },
{ "type": "Feature", "properties": { "ED": "TY_14", "DISTRICT": "14TH", "CNCLDIST": "3RD", "SWIS": "381700", "POLLING_PL": "HILTON GARDEN INN", "ADDRESS": "235 HOOSICK ST", "CITY": "TROY", "ZIP": "12180", "COMMUNITY": "TROY", "UPDATED": "2023-02-16", "LABEL": "TROY - 14TH" }, "geometry": { "type": "Polygon", "coordinates": [ [ [ -73.663585303382078, 42.733954626925836 ], [ -73.664936059587092, 42.73286170977341 ], [ -73.666068791379715, 42.731899726166979 ], [ -73.66645114949047, 42.73142345531928 ], [ -73.666762000538242, 42.73101937997167 ], [ -73.666835404484829, 42.730960752503208 ], [ -73.666915491250307, 42.730917293256653 ], [ -73.667022127753896, 42.730895265923941 ], [ -73.667188356899231, 42.730836984039286 ], [ -73.667650004159157, 42.729760505506569 ], [ -73.667707556320678, 42.729662412720586 ], [ -73.667800870250403, 42.729523089878469 ], [ -73.668108284820022, 42.729151969116693 ], [ -73.668195011327654, 42.728976266993513 ], [ -73.668239223757709, 42.728826242112326 ], [ -73.66825907615663, 42.728655267913865 ], [ -73.668223144666626, 42.728450191761091 ], [ -73.667853917042009, 42.727320147779743 ], [ -73.666871820973995, 42.726574064895914 ], [ -73.667614171865367, 42.725389481437205 ], [ -73.667702332151052, 42.725306675819802 ], [ -73.667849125355275, 42.725261752342952 ], [ -73.668135927352466, 42.725225583894002 ], [ -73.673345059393327, 42.724823458526707 ], [ -73.673784239707786, 42.724861970891524 ], [ -73.673940905833746, 42.724894410503772 ], [ -73.675460855039958, 42.725180398678411 ], [ -73.67534248964833, 42.725479141037368 ], [ -73.675343954669884, 42.72561017961808 ], [ -73.675425425211415, 42.725801285079562 ], [ -73.675570522949116, 42.72606674557148 ], [ -73.675678610078876, 42.726198524157887 ], [ -73.675831695537141, 42.726392120449489 ], [ -73.676145618588222, 42.726649355455521 ], [ -73.676562364992435, 42.726851487662813 ], [ -73.67688218606277, 42.727048695963909 ], [ -73.677137049090518, 42.727153922880426 ], [ -73.677389169238978, 42.727233006249399 ], [ -73.677536783037269, 42.727286367839632 ], [ -73.677780932887501, 42.727354663904713 ], [ -73.678070577165769, 42.727427703862126 ], [ -73.678081345111508, 42.727556504139521 ], [ -73.678036644391966, 42.727948334328694 ], [ -73.677956223800123, 42.728206794645303 ], [ -73.677722729650711, 42.729010906180939 ], [ -73.677200688894402, 42.730795283516812 ], [ -73.676213900557698, 42.734255365889119 ], [ -73.675248943231736, 42.734104688175279 ], [ -73.674318066228992, 42.733980837773167 ], [ -73.67401719015507, 42.73506909412481 ], [ -73.673732930779792, 42.736121796867408 ], [ -73.672997802901548, 42.738688915573675 ], [ -73.672830563634975, 42.73866238033839 ], [ -73.67109698042961, 42.738410922999428 ], [ -73.670070188361123, 42.738250973209546 ], [ -73.66698313008348, 42.737822168844133 ], [ -73.666577628525772, 42.737755694208289 ], [ -73.667065189848415, 42.735960442829729 ], [ -73.663082007655035, 42.735380182093003 ], [ -73.663369892453048, 42.734455816129419 ], [ -73.663498896109658, 42.734057994875783 ], [ -73.663585303382078, 42.733954626925836 ] ] ] } },
{ "type": "Feature", "properties": { "ED": "TY_21", "DISTRICT": "21ST", "CNCLDIST": "5TH", "SWIS": "381700", "POLLING_PL": "AGAPE APOSTOLIC CHURCH OF DELIVERANCE", "ADDRESS": "1010 MADISON AVE", "CITY": "TROY", "ZIP": "12180", "COMMUNITY": "TROY", "UPDATED": "2023-02-16", "LABEL": "TROY - 21ST" }, "geometry": { "type": "Polygon", "coordinates": [ [ [ -73.656700503828844, 42.715381773234682 ], [ -73.656151916997644, 42.715357426727373 ], [ -73.655957499184993, 42.71535626853516 ], [ -73.655522779658838, 42.715362284040211 ], [ -73.654667726284956, 42.715438489754916 ], [ -73.653258083923234, 42.705344028138697 ], [ -73.653048488549928, 42.703784539101669 ], [ -73.652804843811282, 42.70185376810926 ], [ -73.652627609039286, 42.700013517133613 ], [ -73.653117930263576, 42.700291027567744 ], [ -73.654312849780808, 42.701053702821696 ], [ -73.654770987556276, 42.701321556414491 ], [ -73.655784147148083, 42.701632630625838 ], [ -73.656521433208056, 42.701845869707604 ], [ -73.65677658770521, 42.701985417579557 ], [ -73.65715321905752, 42.702267698943288 ], [ -73.657525801423873, 42.702668080729808 ], [ -73.65812517885233, 42.70329500359535 ], [ -73.65817127947723, 42.703352555925996 ], [ -73.658677701245821, 42.703893507457337 ], [ -73.659026974247638, 42.70425260715821 ], [ -73.659825450765155, 42.705107229737386 ], [ -73.660371937515905, 42.705603821830863 ], [ -73.661073513870463, 42.706265916012853 ], [ -73.661655620276917, 42.706967661060396 ], [ -73.661748112676108, 42.707084136959381 ], [ -73.662210014669668, 42.707686405573426 ], [ -73.663279822669693, 42.709111857034479 ], [ -73.663492248094471, 42.709405375569844 ], [ -73.663915205446784, 42.709507414318438 ], [ -73.665614243970978, 42.709917307520932 ], [ -73.667802199100464, 42.710310258403773 ], [ -73.669378546170989, 42.710621378867451 ], [ -73.668396935941914, 42.711582219090495 ], [ -73.666600192521642, 42.713288881672518 ], [ -73.664731263186894, 42.714080452986714 ], [ -73.664720214189472, 42.714266144410175 ], [ -73.664298830977813, 42.715652738183984 ], [ -73.663889734918541, 42.717017988754662 ], [ -73.66261077954448, 42.716786541825812 ], [ -73.660279006954951, 42.716171487001368 ], [ -73.65827215095041, 42.715638487602575 ], [ -73.657710919952677, 42.715514282113048 ], [ -73.657202904088365, 42.715439611344827 ], [ -73.656700503828844, 42.715381773234682 ] ] ] } },
{ "type": "Feature", "properties": { "ED": "TY_23", "DISTRICT": "23RD", "CNCLDIST": "5TH", "SWIS": "381700", "POLLING_PL": "SCHOOL 16", "ADDRESS": "40 COLLINS AVE", "CITY": "TROY", "ZIP": "12180", "COMMUNITY": "TROY", "UPDATED": "2023-02-16", "LABEL": "TROY - 23RD" }, "geometry": { "type": "Polygon", "coordinates": [ [ [ -73.663279822669693, 42.709111857034479 ], [ -73.662210014669668, 42.707686405573426 ], [ -73.661748112676108, 42.707084136959381 ], [ -73.661655620276917, 42.706967661060396 ], [ -73.661073513870463, 42.706265916012853 ], [ -73.660371937515905, 42.705603821830863 ], [ -73.659825450765155, 42.705107229737386 ], [ -73.659026974247638, 42.70425260715821 ], [ -73.658677701245821, 42.703893507457337 ], [ -73.65817127947723, 42.703352555925996 ], [ -73.65812517885233, 42.70329500359535 ], [ -73.657525801423873, 42.702668080729808 ], [ -73.65715321905752, 42.702267698943288 ], [ -73.65677658770521, 42.701985417579557 ], [ -73.656521433208056, 42.701845869707604 ], [ -73.655784147148083, 42.701632630625838 ], [ -73.654770987556276, 42.701321556414491 ], [ -73.654312849780808, 42.701053702821696 ], [ -73.653117930263576, 42.700291027567744 ], [ -73.652627609039286, 42.700013517133613 ], [ -73.652594989903974, 42.699679187308135 ], [ -73.652483169302485, 42.698496715537949 ], [ -73.652800813040585, 42.698459377049844 ], [ -73.653015433557229, 42.698435634147344 ], [ -73.655721218238526, 42.698136098534555 ], [ -73.657236046257111, 42.697968261691649 ], [ -73.65835923467229, 42.697843909867885 ], [ -73.65919839709909, 42.697736355196163 ], [ -73.659617432990629, 42.697704616172309 ], [ -73.659939505553041, 42.697677307877477 ], [ -73.662695369524585, 42.697458068469167 ], [ -73.663298232543852, 42.697409980223661 ], [ -73.66374419602333, 42.697374491079749 ], [ -73.664015573499654, 42.697352818370177 ], [ -73.664570017571222, 42.697308842826715 ], [ -73.664756929285758, 42.697294070951635 ], [ -73.664877257471318, 42.697284328864384 ], [ -73.671223795430549, 42.696795967496961 ], [ -73.67202668524277, 42.700641859699104 ], [ -73.672457751882007, 42.702998357678439 ], [ -73.670764489482863, 42.702659980349289 ], [ -73.668491973053435, 42.704746985743 ], [ -73.668262837750447, 42.705297644778895 ], [ -73.668045965771213, 42.705531481870807 ], [ -73.667934633549422, 42.70566880868158 ], [ -73.667758415958417, 42.705758548561413 ], [ -73.667574727801068, 42.705842087198114 ], [ -73.667391076723575, 42.705925598367344 ], [ -73.667249838346308, 42.705989797651647 ], [ -73.667268323222075, 42.706018140895623 ], [ -73.667223290038763, 42.706038613379668 ], [ -73.667015866880149, 42.706132954740568 ], [ -73.666930064784523, 42.706172174314553 ], [ -73.666808406260841, 42.706227268010409 ], [ -73.666708164232915, 42.706272309522447 ], [ -73.666600981853122, 42.706321608606046 ], [ -73.666481453609848, 42.706375949118787 ], [ -73.666393557187959, 42.706415921381272 ], [ -73.666258250975474, 42.706475964211656 ], [ -73.666124402151709, 42.706538295054123 ], [ -73.666038788632505, 42.706577240923984 ], [ -73.665955511344094, 42.706583412333181 ], [ -73.665866937656432, 42.706623900627022 ], [ -73.665693820394381, 42.706703973387256 ], [ -73.665644121585103, 42.706833816567652 ], [ -73.66563399862946, 42.706859015532018 ], [ -73.665544339202128, 42.707083292182496 ], [ -73.665528863302598, 42.70712200774706 ], [ -73.665460634941297, 42.707304593689258 ], [ -73.665423309108988, 42.707402311759303 ], [ -73.665395741788373, 42.70747982239223 ], [ -73.665540160257848, 42.707648042222282 ], [ -73.665422884016337, 42.707703440759722 ], [ -73.665344067409592, 42.707612614602155 ], [ -73.665316775247959, 42.707683459175726 ], [ -73.665258174451878, 42.707836095229354 ], [ -73.665199750064858, 42.708014416844662 ], [ -73.66512680444859, 42.708010235559691 ], [ -73.66419452534511, 42.708686978976949 ], [ -73.664051072785909, 42.708815643285838 ], [ -73.663977081237917, 42.708883786786018 ], [ -73.663950778850534, 42.708930627805465 ], [ -73.663897837657998, 42.709029960111458 ], [ -73.663834523565711, 42.709148068284158 ], [ -73.663712672355956, 42.709383166895584 ], [ -73.663492248094471, 42.709405375569844 ], [ -73.663279822669693, 42.709111857034479 ] ] ] } },
{ "type": "Feature", "properties": { "ED": "TY_27", "DISTRICT": "27TH", "CNCLDIST": "6TH", "SWIS": "381700", "POLLING_PL": "AGAPE APOSTOLIC CHURCH OF DELIVERANCE", "ADDRESS": "1010 MADISON AVE", "CITY": "TROY", "ZIP": "12180", "COMMUNITY": "TROY", "UPDATED": "2017-10-30", "LABEL": "TROY - 27TH" }, "geometry": { "type": "Polygon", "coordinates": [ [ [ -73.673500198725904, 42.712260992176951 ], [ -73.671615786149388, 42.711500557966119 ], [ -73.670974920989266, 42.71124333128531 ], [ -73.670375961475116, 42.711446883431158 ], [ -73.670003799413351, 42.710951822351269 ], [ -73.669769478437104, 42.71070151318991 ], [ -73.670297778324056, 42.710751715941996 ], [ -73.67068567142627, 42.710730487382641 ], [ -73.671124183302112, 42.710669039357263 ], [ -73.671754797350061, 42.71051869976543 ], [ -73.672350900090194, 42.710249097881615 ], [ -73.672833102155252, 42.709928975597236 ], [ -73.673431530662157, 42.709382372997787 ], [ -73.67437838172755, 42.708691472648887 ], [ -73.674846486268962, 42.708338421303836 ], [ -73.675628620054056, 42.70801059640393 ], [ -73.675906981275361, 42.707908600065217 ], [ -73.676786319538877, 42.707656242828328 ], [ -73.677712792178752, 42.707348676769364 ], [ -73.678591242976864, 42.707029315247205 ], [ -73.679727256336449, 42.706551512647259 ], [ -73.6811684458294, 42.706088805364146 ], [ -73.681644885970542, 42.70588983668069 ], [ -73.682066734159704, 42.705660236702705 ], [ -73.683354231581021, 42.704634970940731 ], [ -73.683986977952273, 42.7042950197403 ], [ -73.684747109992884, 42.704000452904815 ], [ -73.685048245408794, 42.703975237743755 ], [ -73.685814359246578, 42.703979561210879 ], [ -73.686174655607232, 42.703968209482191 ], [ -73.687174166327793, 42.703886399727907 ], [ -73.687776468050529, 42.703856179737507 ], [ -73.688606430234984, 42.703822959581792 ], [ -73.688857826636351, 42.704114429967412 ], [ -73.688909526199581, 42.704507195715216 ], [ -73.688875389283865, 42.704591553128218 ], [ -73.688596810554273, 42.704727303965313 ], [ -73.68847675038532, 42.704804192386391 ], [ -73.688320016269088, 42.704934467025041 ], [ -73.688270816896903, 42.705049697863885 ], [ -73.688298872365294, 42.705512159831692 ], [ -73.688332633104579, 42.70581089713226 ], [ -73.687712289991794, 42.709329258032405 ], [ -73.687524610291433, 42.710949578355731 ], [ -73.68748225910845, 42.711358004167778 ], [ -73.687371293217012, 42.712507879240938 ], [ -73.686995576733338, 42.712676249461538 ], [ -73.686649399397979, 42.712896224256909 ], [ -73.686357051162872, 42.712986128316757 ], [ -73.685313483673298, 42.712726614275979 ], [ -73.683140953949788, 42.712175309766046 ], [ -73.682912862916027, 42.712526430303235 ], [ -73.681289291674915, 42.714607337787541 ], [ -73.680779389588679, 42.7152430823229 ], [ -73.679928711217968, 42.714910343037211 ], [ -73.677187833692116, 42.713775037534532 ], [ -73.676674969743516, 42.713582232129085 ], [ -73.673500198725904, 42.712260992176951 ] ] ] } },
{ "type": "Feature", "properties": { "ED": "TY_22", "DISTRICT": "22ND", "CNCLDIST": "5TH", "SWIS": "381700", "POLLING_PL": "SCHOOL 16", "ADDRESS": "40 COLLINS AVE", "CITY": "TROY", "ZIP": "12180", "COMMUNITY": "TROY", "UPDATED": "2023-02-16", "LABEL": "TROY - 22ND" }, "geometry": { "type": "Polygon", "coordinates": [ [ [ -73.66419452534511, 42.708686978976949 ], [ -73.66512680444859, 42.708010235559691 ], [ -73.665199750064858, 42.708014416844662 ], [ -73.665258174451878, 42.707836095229354 ], [ -73.665316775247959, 42.707683459175726 ], [ -73.665344067409592, 42.707612614602155 ], [ -73.665422884016337, 42.707703440759722 ], [ -73.665540160257848, 42.707648042222282 ], [ -73.665395741788373, 42.70747982239223 ], [ -73.665423309108988, 42.707402311759303 ], [ -73.665460634941297, 42.707304593689258 ], [ -73.665528863302598, 42.70712200774706 ], [ -73.665544339202128, 42.707083292182496 ], [ -73.66563399862946, 42.706859015532018 ], [ -73.665644121585103, 42.706833816567652 ], [ -73.665693820394381, 42.706703973387256 ], [ -73.665866937656432, 42.706623900627022 ], [ -73.665955511344094, 42.706583412333181 ], [ -73.666038788632505, 42.706577240923984 ], [ -73.666124402151709, 42.706538295054123 ], [ -73.666258250975474, 42.706475964211656 ], [ -73.666393557187959, 42.706415921381272 ], [ -73.666481453609848, 42.706375949118787 ], [ -73.666600981853122, 42.706321608606046 ], [ -73.666708164232915, 42.706272309522447 ], [ -73.666808406260841, 42.706227268010409 ], [ -73.666930064784523, 42.706172174314553 ], [ -73.667015866880149, 42.706132954740568 ], [ -73.667223290038763, 42.706038613379668 ], [ -73.667268323222075, 42.706018140895623 ], [ -73.667249838346308, 42.705989797651647 ], [ -73.667391076723575, 42.705925598367344 ], [ -73.667574727801068, 42.705842087198114 ], [ -73.667758415958417, 42.705758548561413 ], [ -73.667934633549422, 42.70566880868158 ], [ -73.668045965771213, 42.705531481870807 ], [ -73.668262837750447, 42.705297644778895 ], [ -73.668491973053435, 42.704746985743 ], [ -73.670764489482863, 42.702659980349289 ], [ -73.672457751882007, 42.702998357678439 ], [ -73.67202668524277, 42.700641859699104 ], [ -73.673574653432468, 42.700279244258418 ], [ -73.676113055653417, 42.699742327058672 ], [ -73.676363026857715, 42.700442761177023 ], [ -73.676556215124762, 42.700888193108227 ], [ -73.676650261942228, 42.701141870999848 ], [ -73.676903141684946, 42.701769442624553 ], [ -73.676895394422871, 42.702502351124565 ], [ -73.676909399469594, 42.702853169236263 ], [ -73.677114747966087, 42.703575946563731 ], [ -73.677420029221679, 42.704487985043102 ], [ -73.677551373145675, 42.704972155904649 ], [ -73.677680669580852, 42.705222600951792 ], [ -73.677837152257254, 42.705392236576323 ], [ -73.678244494289061, 42.70572727248198 ], [ -73.678430337131488, 42.706257933315179 ], [ -73.678591242976864, 42.707029315247205 ], [ -73.677712792178752, 42.707348676769364 ], [ -73.676786319538877, 42.707656242828328 ], [ -73.675906981275361, 42.707908600065217 ], [ -73.675628620054056, 42.70801059640393 ], [ -73.674846486268962, 42.708338421303836 ], [ -73.67437838172755, 42.708691472648887 ], [ -73.673431530662157, 42.709382372997787 ], [ -73.672833102155252, 42.709928975597236 ], [ -73.672350900090194, 42.710249097881615 ], [ -73.671754797350061, 42.71051869976543 ], [ -73.671124183302112, 42.710669039357263 ], [ -73.67068567142627, 42.710730487382641 ], [ -73.670297778324056, 42.710751715941996 ], [ -73.669769478437104, 42.71070151318991 ], [ -73.669378546170989, 42.710621378867451 ], [ -73.667802199100464, 42.710310258403773 ], [ -73.665614243970978, 42.709917307520932 ], [ -73.663915205446784, 42.709507414318438 ], [ -73.663492248094471, 42.709405375569844 ], [ -73.663712672355956, 42.709383166895584 ], [ -73.663834523565711, 42.709148068284158 ], [ -73.663897837657998, 42.709029960111458 ], [ -73.663950778850534, 42.708930627805465 ], [ -73.663977081237917, 42.708883786786018 ], [ -73.664051072785909, 42.708815643285838 ], [ -73.66419452534511, 42.708686978976949 ] ] ] } },
{ "type": "Feature", "properties": { "ED": "TY_25", "DISTRICT": "25TH", "CNCLDIST": "6TH", "SWIS": "381700", "POLLING_PL": "PAWLING AVENUE METHODIST CHURCH", "ADDRESS": "520 PAWLING AVE", "CITY": "TROY", "ZIP": "12180", "COMMUNITY": "TROY", "UPDATED": "2023-02-16", "LABEL": "TROY - 25TH" }, "geometry": { "type": "Polygon", "coordinates": [ [ [ -73.690291282365507, 42.719593906679144 ], [ -73.690581763451362, 42.718309715584169 ], [ -73.691202062155696, 42.71838006456634 ], [ -73.691542672497704, 42.716852937474968 ], [ -73.691641085437013, 42.716303697512224 ], [ -73.692067832387664, 42.71569626774712 ], [ -73.69172819667358, 42.715547037377398 ], [ -73.692307873408467, 42.714808011028097 ], [ -73.692410135297933, 42.714761808909195 ], [ -73.692606055440706, 42.714558017690926 ], [ -73.692793990535421, 42.714539557785507 ], [ -73.692941318659805, 42.714550502047707 ], [ -73.693007483340622, 42.714530223251487 ], [ -73.693197971302013, 42.7142342475736 ], [ -73.69336147007904, 42.713915991889408 ], [ -73.694006300163593, 42.714126280308399 ], [ -73.693915487336241, 42.714331719276167 ], [ -73.693631026508626, 42.714683561971754 ], [ -73.69329448629459, 42.715140106744798 ], [ -73.693042571362739, 42.715483917566587 ], [ -73.694322094377853, 42.715643710957643 ], [ -73.694940208339531, 42.715717262303912 ], [ -73.69557647758667, 42.715788385865636 ], [ -73.697335006360234, 42.716000682260521 ], [ -73.70121415496142, 42.716163276031764 ], [ -73.699758052984791, 42.720599355580092 ], [ -73.696099639251514, 42.72029759259626 ], [ -73.69524589140407, 42.720179173339361 ], [ -73.69465769480864, 42.720113956392758 ], [ -73.693999922526856, 42.720027446945792 ], [ -73.693414734263214, 42.719965784606799 ], [ -73.692755644425702, 42.719889301944725 ], [ -73.692133280063743, 42.719819111447563 ], [ -73.691555789632176, 42.71975244486439 ], [ -73.690921204535258, 42.719674972117126 ], [ -73.690291282365507, 42.719593906679144 ] ] ] } },
{ "type": "Feature", "properties": { "ED": "TY_28", "DISTRICT": "28TH", "CNCLDIST": "6TH", "SWIS": "381700", "POLLING_PL": "SCHOOL 12", "ADDRESS": "475 1ST ST", "CITY": "TROY", "ZIP": "12180", "COMMUNITY": "TROY", "UPDATED": "2012-04-23", "LABEL": "TROY - 28TH" }, "geometry": { "type": "Polygon", "coordinates": [ [ [ -73.687712289991794, 42.709329258032405 ], [ -73.688332633104579, 42.70581089713226 ], [ -73.690069772544874, 42.706136674947125 ], [ -73.691574297207111, 42.706394845203768 ], [ -73.692667060039796, 42.706541402105721 ], [ -73.693946363975726, 42.706686627246661 ], [ -73.695086359180308, 42.706847131402867 ], [ -73.695538809289616, 42.706912490399475 ], [ -73.695941090810109, 42.707022196041066 ], [ -73.696497912300686, 42.707194067128597 ], [ -73.697423322532217, 42.707524079220846 ], [ -73.697336528971931, 42.707785967036862 ], [ -73.697242490750838, 42.707994980996482 ], [ -73.697204852704587, 42.708103436531673 ], [ -73.697209904592995, 42.708164719181113 ], [ -73.697265416248172, 42.708216888516432 ], [ -73.697351309568873, 42.708267514546968 ], [ -73.697421580071165, 42.708170510808579 ], [ -73.697602347476931, 42.707557219442087 ], [ -73.697892336681335, 42.706852602265094 ], [ -73.697969682346582, 42.706442825700165 ], [ -73.697890305244073, 42.706042296686626 ], [ -73.697733800492429, 42.705838222950355 ], [ -73.697328477625874, 42.705318046796883 ], [ -73.69653587644089, 42.704512954616177 ], [ -73.696397094602162, 42.704216199435905 ], [ -73.696611606541197, 42.702390932512955 ], [ -73.696903261711086, 42.702095769315598 ], [ -73.697158968256616, 42.701902185260735 ], [ -73.697467285851033, 42.701716789828573 ], [ -73.69781873758555, 42.701567670226922 ], [ -73.698210027146274, 42.701447915408281 ], [ -73.699707156078674, 42.701319866023226 ], [ -73.700532296254934, 42.701244706275254 ], [ -73.701187289289905, 42.70118503790993 ], [ -73.702468025625592, 42.701066007640115 ], [ -73.702529125707485, 42.702344120094146 ], [ -73.703191704360336, 42.705133617329146 ], [ -73.703360130587029, 42.708148445138114 ], [ -73.703346231009846, 42.709235322354736 ], [ -73.703155808460238, 42.70995875660909 ], [ -73.702674644046596, 42.711195389838082 ], [ -73.702365349350828, 42.713119559623706 ], [ -73.70121415496142, 42.716163276031764 ], [ -73.697335006360234, 42.716000682260521 ], [ -73.69557647758667, 42.715788385865636 ], [ -73.694940208339531, 42.715717262303912 ], [ -73.694322094377853, 42.715643710957643 ], [ -73.693042571362739, 42.715483917566587 ], [ -73.69329448629459, 42.715140106744798 ], [ -73.693631026508626, 42.714683561971754 ], [ -73.693915487336241, 42.714331719276167 ], [ -73.694006300163593, 42.714126280308399 ], [ -73.694439616716338, 42.713235235280685 ], [ -73.692721261794233, 42.712758047540703 ], [ -73.691240167029903, 42.712374051127014 ], [ -73.68844944460082, 42.711618548843106 ], [ -73.68748225910845, 42.711358004167778 ], [ -73.687524610291433, 42.710949578355731 ], [ -73.687712289991794, 42.709329258032405 ] ] ] } },
{ "type": "Feature", "properties": { "ED": "TY_18", "DISTRICT": "18TH", "CNCLDIST": "4TH", "SWIS": "381700", "POLLING_PL": "RENSSELAER COUNTY GOVERNMENT CENTER", "ADDRESS": "1600 7TH AVE", "CITY": "TROY", "ZIP": "12180", "COMMUNITY": "TROY", "UPDATED": "2023-02-16", "LABEL": "TROY - 18TH" }, "geometry": { "type": "Polygon", "coordinates": [ [ [ -73.68645694562629, 42.727064396424709 ], [ -73.684621291746652, 42.726854429868268 ], [ -73.683514211561274, 42.726948044882569 ], [ -73.682908374373554, 42.727065971300277 ], [ -73.682428649369271, 42.726910637576978 ], [ -73.68220238361215, 42.72682930771213 ], [ -73.681951592686545, 42.726733697848168 ], [ -73.681716828577933, 42.726605273434615 ], [ -73.68161096618698, 42.726407988702711 ], [ -73.681568668732396, 42.726114842227915 ], [ -73.681546235485825, 42.725726262669049 ], [ -73.68148498696327, 42.725445027048089 ], [ -73.68140952077168, 42.725141216049806 ], [ -73.681321551422656, 42.724786358729745 ], [ -73.681242771375153, 42.724620301460234 ], [ -73.681887487166662, 42.724453169251809 ], [ -73.681454251278893, 42.723533567440313 ], [ -73.681984622746256, 42.723395795843274 ], [ -73.681903988824303, 42.723231061754369 ], [ -73.682328236664716, 42.723120288177419 ], [ -73.682262598790999, 42.722991283374448 ], [ -73.681841159476775, 42.723100535822461 ], [ -73.681777875978767, 42.722970692620009 ], [ -73.682200912358866, 42.722861805958487 ], [ -73.68213462638397, 42.7227307392737 ], [ -73.681712264972347, 42.722839299515883 ], [ -73.681557684165867, 42.722518595280413 ], [ -73.681977038202007, 42.722409167753881 ], [ -73.681944216448173, 42.722345021097965 ], [ -73.681876118523704, 42.722362468719602 ], [ -73.681773794173509, 42.722158320009456 ], [ -73.681424691883592, 42.722247402763166 ], [ -73.681364368342386, 42.722122900487129 ], [ -73.680925555435408, 42.722093458018421 ], [ -73.680889547105267, 42.721843396400267 ], [ -73.680907677699167, 42.721512177526243 ], [ -73.68167338539142, 42.720953026133309 ], [ -73.6816428968379, 42.720865048580166 ], [ -73.68060598859762, 42.721071796421185 ], [ -73.680564318300938, 42.720964548278481 ], [ -73.680607960407769, 42.720972507828023 ], [ -73.680641410562259, 42.720976456743038 ], [ -73.680684400198331, 42.720979117303834 ], [ -73.680739770447104, 42.720979431927709 ], [ -73.680789768465957, 42.720977301914189 ], [ -73.68082749610106, 42.720974443553409 ], [ -73.680864522589218, 42.720970867571339 ], [ -73.680901806795788, 42.720964055447297 ], [ -73.680959662242302, 42.720947401242164 ], [ -73.681024523134738, 42.720926175100949 ], [ -73.681089659359642, 42.720903553143593 ], [ -73.681140103279517, 42.720883782812969 ], [ -73.68116931944553, 42.720869214155805 ], [ -73.68119038878605, 42.720857838083546 ], [ -73.681209322635709, 42.720847984263358 ], [ -73.681225185832346, 42.720843465378621 ], [ -73.681246107413486, 42.720842705979244 ], [ -73.681277257828313, 42.720845984842484 ], [ -73.681305562227209, 42.720850782591064 ], [ -73.681345332559417, 42.720851859215621 ], [ -73.681395376689039, 42.720849043255797 ], [ -73.68144146344811, 42.720843818531456 ], [ -73.681472924280456, 42.720838701066981 ], [ -73.681525485878865, 42.720822376614656 ], [ -73.681564231985959, 42.720804401313018 ], [ -73.681593693894087, 42.720787583328764 ], [ -73.681618753846905, 42.720768203358517 ], [ -73.681638103791713, 42.720747034969108 ], [ -73.681658144520355, 42.720720204201292 ], [ -73.681690722273075, 42.720697258363664 ], [ -73.681710921384564, 42.72067660281968 ], [ -73.681734164872751, 42.720656677329302 ], [ -73.681761401021532, 42.720632136919832 ], [ -73.681781599739026, 42.720611507943218 ], [ -73.681801630435004, 42.720589149871621 ], [ -73.681814411170777, 42.720566256366368 ], [ -73.681820853328219, 42.720551531706555 ], [ -73.681831390417827, 42.720543880777932 ], [ -73.681845564050874, 42.720544290733706 ], [ -73.681860167638632, 42.720549860849161 ], [ -73.681872632503399, 42.720560742563102 ], [ -73.681886004840493, 42.720570093235075 ], [ -73.681899221264743, 42.720573076606769 ], [ -73.681925815275832, 42.720567219376669 ], [ -73.681945696925652, 42.720555670038351 ], [ -73.681956273256816, 42.720544234311049 ], [ -73.68195337163813, 42.720533433775657 ], [ -73.68195348457931, 42.72052262390141 ], [ -73.681958765088439, 42.720508769030999 ], [ -73.681960031615532, 42.720497965681233 ], [ -73.681980953152376, 42.720475776868255 ], [ -73.681983206755476, 42.720459683703211 ], [ -73.681989616282181, 42.720448058714233 ], [ -73.681993989040819, 42.720431948956445 ], [ -73.682000466226469, 42.720410392720908 ], [ -73.682013261856355, 42.720389721118224 ], [ -73.682023861735971, 42.720375869935062 ], [ -73.68204189936138, 42.720362775031745 ], [ -73.682057398541161, 42.720350185937981 ], [ -73.682073562374541, 42.720338259302103 ], [ -73.682091325266597, 42.720329964508302 ], [ -73.682115360353492, 42.720323241735514 ], [ -73.682143761960504, 42.720318765955376 ], [ -73.682174987358621, 42.720314991198187 ], [ -73.682190889614773, 42.720306685675261 ], [ -73.682198203503049, 42.720297480176761 ], [ -73.682201570560196, 42.72028515258458 ], [ -73.682217088890539, 42.720270835714622 ], [ -73.682258423250474, 42.720253921393812 ], [ -73.682278310257985, 42.720241686023812 ], [ -73.682302380027934, 42.720231698045126 ], [ -73.682323459834819, 42.720215684400536 ], [ -73.682345811547862, 42.720191993932517 ], [ -73.682362616479523, 42.720164980439698 ], [ -73.682389985926775, 42.720149029692067 ], [ -73.68242158507968, 42.720130687511471 ], [ -73.682479301895, 42.720105634765815 ], [ -73.682508779898356, 42.720087280850272 ], [ -73.682557133677903, 42.720068156115858 ], [ -73.682595088011965, 42.720039918083238 ], [ -73.682620348946386, 42.720026177481074 ], [ -73.682647836110689, 42.720002489302885 ], [ -73.682667739630006, 42.71998871817437 ], [ -73.682699323092976, 42.719971913327505 ], [ -73.682726717082943, 42.719953547913654 ], [ -73.682753797529031, 42.719943741678158 ], [ -73.68279486688327, 42.71993077583948 ], [ -73.682829477815957, 42.719912616247775 ], [ -73.682888040243768, 42.719870774911229 ], [ -73.682897463872422, 42.719859332586452 ], [ -73.682911592239179, 42.719842619242286 ], [ -73.682920991347999, 42.719833399417574 ], [ -73.682930871880828, 42.719824537179989 ], [ -73.682942394719717, 42.719811405088855 ], [ -73.682953957944505, 42.719794485644087 ], [ -73.682962746270007, 42.719779609582005 ], [ -73.682969041434021, 42.719775528988855 ], [ -73.682975882896514, 42.719768900329917 ], [ -73.682987600137295, 42.71975867745185 ], [ -73.682992091931951, 42.719752528531203 ], [ -73.683000023237639, 42.719748458750217 ], [ -73.683015868730124, 42.719745612500141 ], [ -73.683042431930431, 42.719742689203436 ], [ -73.683060170018493, 42.719736616758198 ], [ -73.683078165080772, 42.719727444514007 ], [ -73.683093361204016, 42.719719134685413 ], [ -73.683100854796123, 42.719714211121172 ], [ -73.68310741378528, 42.719709610175883 ], [ -73.683114661917671, 42.719706908394535 ], [ -73.683126333615192, 42.719704587171492 ], [ -73.683132616606116, 42.719701521779349 ], [ -73.683136870761231, 42.719696908681186 ], [ -73.683142309486485, 42.719689229842707 ], [ -73.683153534466598, 42.719683284147912 ], [ -73.683160318670815, 42.719678713103775 ], [ -73.683168517118702, 42.719673958347357 ], [ -73.68317598069936, 42.719671942395074 ], [ -73.683192784308773, 42.719666358050354 ], [ -73.683203309718309, 42.719659750505528 ], [ -73.683209662081381, 42.719653612272623 ], [ -73.683215748444198, 42.7196481590113 ], [ -73.683268400606408, 42.719616217349106 ], [ -73.683279620053185, 42.719610957613838 ], [ -73.683289897845441, 42.719606735615045 ], [ -73.683299944883856, 42.71960317139839 ], [ -73.683309982742614, 42.719600484352512 ], [ -73.68331788502249, 42.719599156673148 ], [ -73.683338642075427, 42.719596365981168 ], [ -73.683360707587781, 42.719596491588618 ], [ -73.683391417273285, 42.71959564980807 ], [ -73.683399802134034, 42.719594325563847 ], [ -73.683409373432255, 42.719593694074561 ], [ -73.683423089950139, 42.719591522030179 ], [ -73.683437072259281, 42.719588857950924 ], [ -73.683458098077381, 42.719581622941718 ], [ -73.683470727851528, 42.719573106112946 ], [ -73.683484339265689, 42.719563250841091 ], [ -73.683500201170276, 42.719558704189922 ], [ -73.683513926714568, 42.719559301970243 ], [ -73.683522960201657, 42.719560040375406 ], [ -73.68353134207905, 42.719559209170981 ], [ -73.683539741238718, 42.719556705078745 ], [ -73.683549082226563, 42.719552972021667 ], [ -73.683556562438099, 42.719549419497405 ], [ -73.683562188722931, 42.719545170318007 ], [ -73.683567836522045, 42.719538836674353 ], [ -73.683571605343261, 42.719534249255666 ], [ -73.683576806606126, 42.719527912428433 ], [ -73.683582910576902, 42.719520757964503 ], [ -73.683588550170185, 42.719515138570756 ], [ -73.683596044069802, 42.719510186678086 ], [ -73.68360494714662, 42.719505791923901 ], [ -73.683615676949671, 42.719500886248767 ], [ -73.683635418206521, 42.71950629381687 ], [ -73.683650017624871, 42.719508627416133 ], [ -73.683664696125192, 42.719507146495964 ], [ -73.683678934836095, 42.71950124452546 ], [ -73.683687831420201, 42.719497344504305 ], [ -73.683693261246717, 42.719490515372556 ], [ -73.683703567982732, 42.719483549496928 ], [ -73.683716178532521, 42.719476761252743 ], [ -73.683732049233868, 42.719471363120313 ], [ -73.683747664679672, 42.719469201998137 ], [ -73.683757964572592, 42.719462757437505 ], [ -73.683765460599233, 42.719457641763597 ], [ -73.683771797037636, 42.719453067491848 ], [ -73.683778349429801, 42.719449318830058 ], [ -73.683780512254842, 42.719441620902181 ], [ -73.683785714088444, 42.719431689369287 ], [ -73.683794134379838, 42.719427127374445 ], [ -73.683807658116123, 42.719425640779015 ], [ -73.683826542965505, 42.719420258968235 ], [ -73.68384035208409, 42.719412792382535 ], [ -73.683848550265083, 42.719408228800894 ], [ -73.683857657561177, 42.719401914650042 ], [ -73.683865155370384, 42.719396661779946 ], [ -73.683872915021752, 42.719391217834435 ], [ -73.683879216740408, 42.71938645208359 ], [ -73.683890259646304, 42.719376553592561 ], [ -73.683896112660122, 42.719371950143696 ], [ -73.683904793413092, 42.719367389996592 ], [ -73.683912717969079, 42.719364004400347 ], [ -73.683919732775962, 42.719362151559494 ], [ -73.683929729043712, 42.719359793448277 ], [ -73.683938840863149, 42.719356771320761 ], [ -73.683948867485469, 42.719355291518823 ], [ -73.683957685508517, 42.719355342342979 ], [ -73.683968591494136, 42.719358641729769 ], [ -73.683985071060675, 42.719362686560785 ], [ -73.683996362125768, 42.719371832648903 ], [ -73.684016228193755, 42.71938670714168 ], [ -73.684034926992169, 42.719399160269532 ], [ -73.68405455725032, 42.719411619172725 ], [ -73.684071199193141, 42.719421645453224 ], [ -73.684092988158824, 42.71943035781311 ], [ -73.684124307453729, 42.719435172913258 ], [ -73.684144287493424, 42.719439044571494 ], [ -73.684157750361351, 42.719439806761258 ], [ -73.684163060906315, 42.719444474309832 ], [ -73.684181649034286, 42.719446115941935 ], [ -73.68419427460779, 42.71944154957167 ], [ -73.684203767198483, 42.719444704238683 ], [ -73.684216323069066, 42.719443238998949 ], [ -73.684226905060896, 42.719434875573214 ], [ -73.684243696821497, 42.719430361167383 ], [ -73.68426038422642, 42.719435943247326 ], [ -73.684271715644343, 42.719441302812271 ], [ -73.684287267108445, 42.719445178061832 ], [ -73.684308211489224, 42.719442195587355 ], [ -73.684326180471245, 42.719435437720904 ], [ -73.684340921991563, 42.719427811357434 ], [ -73.684354484498726, 42.719422564773076 ], [ -73.684368002774065, 42.719418031324039 ], [ -73.684379616809196, 42.719421170213778 ], [ -73.684384634780542, 42.719428909000037 ], [ -73.684398197672465, 42.719445119994937 ], [ -73.684414829332056, 42.719456025104492 ], [ -73.684424058750409, 42.719462936364607 ], [ -73.684437701074785, 42.719471574353648 ], [ -73.68445528768477, 42.719480070639477 ], [ -73.68447498262573, 42.719486355827833 ], [ -73.684499143379625, 42.719488907465497 ], [ -73.684522160902077, 42.719490574578437 ], [ -73.684564806501982, 42.71950469962939 ], [ -73.684586617423392, 42.719507923959853 ], [ -73.684617991991956, 42.719511010569619 ], [ -73.684634657339984, 42.719518814257647 ], [ -73.68464597847192, 42.719525051807025 ], [ -73.68465219355113, 42.719532139675209 ], [ -73.68467101380908, 42.719532931368676 ], [ -73.684696147668987, 42.719531510168096 ], [ -73.684718272508633, 42.719529412401577 ], [ -73.684754800506482, 42.719527231931821 ], [ -73.684798801171283, 42.719522158219753 ], [ -73.684831145966683, 42.719521490619002 ], [ -73.684860474443298, 42.71952097047177 ], [ -73.68487979129803, 42.719516963584937 ], [ -73.684968882578943, 42.719446906703304 ], [ -73.684438223120978, 42.719219140418581 ], [ -73.684573420598738, 42.719131250850396 ], [ -73.684895250435588, 42.718977948306353 ], [ -73.685132709555859, 42.718976064763652 ], [ -73.685369705030567, 42.71900553244614 ], [ -73.685632945793117, 42.719032183241033 ], [ -73.686877116565171, 42.719184564130927 ], [ -73.687644777692853, 42.719275763065411 ], [ -73.690291282365507, 42.719593906679144 ], [ -73.690921204535258, 42.719674972117126 ], [ -73.691555789632176, 42.71975244486439 ], [ -73.692133280063743, 42.719819111447563 ], [ -73.692755644425702, 42.719889301944725 ], [ -73.693414734263214, 42.719965784606799 ], [ -73.693999922526856, 42.720027446945792 ], [ -73.69465769480864, 42.720113956392758 ], [ -73.69524589140407, 42.720179173339361 ], [ -73.696099639251514, 42.72029759259626 ], [ -73.699758052984791, 42.720599355580092 ], [ -73.699639409594369, 42.720963697343862 ], [ -73.699219927339982, 42.72224629313822 ], [ -73.699140888810376, 42.722500223252744 ], [ -73.698481247551939, 42.724130605910823 ], [ -73.697671228415487, 42.726152221093216 ], [ -73.696564560088675, 42.726034701307569 ], [ -73.694661648343867, 42.725830488154479 ], [ -73.693421274315838, 42.725680715645204 ], [ -73.691515211249069, 42.725451402349982 ], [ -73.690322917429853, 42.725311814242446 ], [ -73.689697797296802, 42.725237804247747 ], [ -73.689058323777644, 42.725157213268616 ], [ -73.688699501026434, 42.725128932885703 ], [ -73.687506612905821, 42.72655871183543 ], [ -73.687318286063217, 42.727245773612069 ], [ -73.686701155078538, 42.72715160780092 ], [ -73.68645694562629, 42.727064396424709 ] ] ] } },
{ "type": "Feature", "properties": { "ED": "TY_26", "DISTRICT": "26TH", "CNCLDIST": "6TH", "SWIS": "381700", "POLLING_PL": "HOLY CROSS ARMENIAN CHURCH", "ADDRESS": "255 SPRING AVE", "CITY": "TROY", "ZIP": "12180", "COMMUNITY": "TROY", "UPDATED": "2023-02-16", "LABEL": "TROY - 26TH" }, "geometry": { "type": "Polygon", "coordinates": [ [ [ -73.685369705030567, 42.71900553244614 ], [ -73.685132709555859, 42.718976064763652 ], [ -73.684895250435588, 42.718977948306353 ], [ -73.684573420598738, 42.719131250850396 ], [ -73.684438223120978, 42.719219140418581 ], [ -73.683138510158003, 42.718713946509638 ], [ -73.682284254401736, 42.718470545477302 ], [ -73.68179783074487, 42.718328853932348 ], [ -73.680238551226822, 42.717668490034043 ], [ -73.679207294878509, 42.717365954514698 ], [ -73.678527066706664, 42.717166030797344 ], [ -73.677498124925336, 42.716816298877632 ], [ -73.675912197724728, 42.716272169427256 ], [ -73.674497360203077, 42.715781635132224 ], [ -73.672397932453222, 42.714609401622582 ], [ -73.67189095222173, 42.714299336748759 ], [ -73.671632681608941, 42.714093997936779 ], [ -73.671376060964576, 42.713792738561935 ], [ -73.671162725555391, 42.713499392862325 ], [ -73.671090990463966, 42.713303085888477 ], [ -73.671060680014222, 42.713173237685801 ], [ -73.670974118708727, 42.712734990346782 ], [ -73.670840300038236, 42.712282872642781 ], [ -73.670375961475116, 42.711446883431158 ], [ -73.670974920989266, 42.71124333128531 ], [ -73.671615786149388, 42.711500557966119 ], [ -73.673500198725904, 42.712260992176951 ], [ -73.676674969743516, 42.713582232129085 ], [ -73.677187833692116, 42.713775037534532 ], [ -73.679928711217968, 42.714910343037211 ], [ -73.680779389588679, 42.7152430823229 ], [ -73.681289291674915, 42.714607337787541 ], [ -73.682912862916027, 42.712526430303235 ], [ -73.683140953949788, 42.712175309766046 ], [ -73.685313483673298, 42.712726614275979 ], [ -73.686357051162872, 42.712986128316757 ], [ -73.686649399397979, 42.712896224256909 ], [ -73.686995576733338, 42.712676249461538 ], [ -73.687371293217012, 42.712507879240938 ], [ -73.68748225910845, 42.711358004167778 ], [ -73.68844944460082, 42.711618548843106 ], [ -73.691240167029903, 42.712374051127014 ], [ -73.692721261794233, 42.712758047540703 ], [ -73.694439616716338, 42.713235235280685 ], [ -73.694006300163593, 42.714126280308399 ], [ -73.69336147007904, 42.713915991889408 ], [ -73.693197971302013, 42.7142342475736 ], [ -73.693007483340622, 42.714530223251487 ], [ -73.692941318659805, 42.714550502047707 ], [ -73.692793990535421, 42.714539557785507 ], [ -73.692606055440706, 42.714558017690926 ], [ -73.692410135297933, 42.714761808909195 ], [ -73.692307873408467, 42.714808011028097 ], [ -73.69172819667358, 42.715547037377398 ], [ -73.692067832387664, 42.71569626774712 ], [ -73.691641085437013, 42.716303697512224 ], [ -73.691542672497704, 42.716852937474968 ], [ -73.691202062155696, 42.71838006456634 ], [ -73.690581763451362, 42.718309715584169 ], [ -73.690291282365507, 42.719593906679144 ], [ -73.687644777692853, 42.719275763065411 ], [ -73.686877116565171, 42.719184564130927 ], [ -73.685632945793117, 42.719032183241033 ], [ -73.685369705030567, 42.71900553244614 ] ] ] } },
{ "type": "Feature", "properties": { "ED": "TY_19", "DISTRICT": "19TH", "CNCLDIST": "5TH", "SWIS": "381700", "POLLING_PL": "RENSSELAER COUNTY GOVERNMENT CENTER", "ADDRESS": "1600 7TH AVE", "CITY": "TROY", "ZIP": "12180", "COMMUNITY": "TROY", "UPDATED": "2023-02-16", "LABEL": "TROY - 19TH" }, "geometry": { "type": "Polygon", "coordinates": [ [ [ -73.656166890775921, 42.725832924245758 ], [ -73.655272103681384, 42.719632118066897 ], [ -73.654667726284956, 42.715438489754916 ], [ -73.655522779658838, 42.715362284040211 ], [ -73.655957499184993, 42.71535626853516 ], [ -73.656151916997644, 42.715357426727373 ], [ -73.656700503828844, 42.715381773234682 ], [ -73.657202904088365, 42.715439611344827 ], [ -73.657710919952677, 42.715514282113048 ], [ -73.65827215095041, 42.715638487602575 ], [ -73.660279006954951, 42.716171487001368 ], [ -73.66261077954448, 42.716786541825812 ], [ -73.663889734918541, 42.717017988754662 ], [ -73.665442810768923, 42.717255151068265 ], [ -73.666587562028354, 42.717425083676872 ], [ -73.666927737056596, 42.71603918089783 ], [ -73.668291580301855, 42.715155686214452 ], [ -73.669179861122018, 42.715959635629794 ], [ -73.66978992014549, 42.716495828197843 ], [ -73.670427487760278, 42.717051754342357 ], [ -73.671135241981958, 42.717616773725112 ], [ -73.671995314351193, 42.718182615576666 ], [ -73.673278308299743, 42.718762178831852 ], [ -73.674532259213166, 42.719254888850216 ], [ -73.674681048171067, 42.71939206578498 ], [ -73.674850978814618, 42.719708745645129 ], [ -73.675154329122506, 42.720913014556572 ], [ -73.675419740339834, 42.721919369502686 ], [ -73.675477056046162, 42.722212571658773 ], [ -73.676433569342038, 42.72221332083457 ], [ -73.677592181770009, 42.722044600615298 ], [ -73.678122596768077, 42.721956427772561 ], [ -73.678419821275497, 42.721960810407303 ], [ -73.678526709967528, 42.72198871572003 ], [ -73.67893840613749, 42.722143084257773 ], [ -73.679169258407939, 42.72229835059526 ], [ -73.679742817713191, 42.722740464161355 ], [ -73.680514114111688, 42.723245099711107 ], [ -73.680610167574926, 42.723335846474768 ], [ -73.680687054575003, 42.723442589309961 ], [ -73.680761895661192, 42.723586043910927 ], [ -73.681102558712809, 42.724324490996104 ], [ -73.680933301873324, 42.724370346158743 ], [ -73.680872026275892, 42.724423502523223 ], [ -73.680822004294924, 42.724542243949124 ], [ -73.680794202873372, 42.724697002934597 ], [ -73.680730865167916, 42.725049569314479 ], [ -73.679748483577555, 42.724903689199373 ], [ -73.678751211468366, 42.724764060065219 ], [ -73.678655299469497, 42.725190180724347 ], [ -73.678449216854503, 42.725723708640153 ], [ -73.678088273534769, 42.726823126333706 ], [ -73.678042353298238, 42.727090313438069 ], [ -73.678063406495028, 42.727342175497384 ], [ -73.678070577165769, 42.727427703862126 ], [ -73.677780932887501, 42.727354663904713 ], [ -73.677536783037269, 42.727286367839632 ], [ -73.677389169238978, 42.727233006249399 ], [ -73.677137049090518, 42.727153922880426 ], [ -73.67688218606277, 42.727048695963909 ], [ -73.676562364992435, 42.726851487662813 ], [ -73.676145618588222, 42.726649355455521 ], [ -73.675831695537141, 42.726392120449489 ], [ -73.675678610078876, 42.726198524157887 ], [ -73.675570522949116, 42.72606674557148 ], [ -73.675425425211415, 42.725801285079562 ], [ -73.675343954669884, 42.72561017961808 ], [ -73.67534248964833, 42.725479141037368 ], [ -73.675460855039958, 42.725180398678411 ], [ -73.673940905833746, 42.724894410503772 ], [ -73.673784239707786, 42.724861970891524 ], [ -73.673345059393327, 42.724823458526707 ], [ -73.668135927352466, 42.725225583894002 ], [ -73.667849125355275, 42.725261752342952 ], [ -73.667702332151052, 42.725306675819802 ], [ -73.667614171865367, 42.725389481437205 ], [ -73.666871820973995, 42.726574064895914 ], [ -73.666445702444094, 42.72715777760336 ], [ -73.666152187154822, 42.727611042054505 ], [ -73.665819968170467, 42.728071954094013 ], [ -73.661780969570373, 42.732299786900192 ], [ -73.659819187556366, 42.734416102489497 ], [ -73.658430847164951, 42.735955905776962 ], [ -73.658233239474981, 42.735112500687364 ], [ -73.658132578905338, 42.734785549649573 ], [ -73.657338364905343, 42.73440946520217 ], [ -73.657314027053246, 42.734235798648889 ], [ -73.656166890775921, 42.725832924245758 ] ] ] } },
{ "type": "Feature", "properties": { "ED": "TY_20", "DISTRICT": "20TH", "CNCLDIST": "5TH", "SWIS": "381700", "POLLING_PL": "TROY COMMUNITY SCHOOL", "ADDRESS": "1010 5TH AVE", "CITY": "TROY", "ZIP": "12180", "COMMUNITY": "TROY", "UPDATED": "2023-02-16", "LABEL": "TROY - 20TH" }, "geometry": { "type": "Polygon", "coordinates": [ [ [ -73.680514114111688, 42.723245099711107 ], [ -73.679742817713191, 42.722740464161355 ], [ -73.679169258407939, 42.72229835059526 ], [ -73.67893840613749, 42.722143084257773 ], [ -73.678526709967528, 42.72198871572003 ], [ -73.678419821275497, 42.721960810407303 ], [ -73.678122596768077, 42.721956427772561 ], [ -73.677592181770009, 42.722044600615298 ], [ -73.676433569342038, 42.72221332083457 ], [ -73.675477056046162, 42.722212571658773 ], [ -73.675419740339834, 42.721919369502686 ], [ -73.675154329122506, 42.720913014556572 ], [ -73.674850978814618, 42.719708745645129 ], [ -73.674681048171067, 42.71939206578498 ], [ -73.674532259213166, 42.719254888850216 ], [ -73.673278308299743, 42.718762178831852 ], [ -73.671995314351193, 42.718182615576666 ], [ -73.671135241981958, 42.717616773725112 ], [ -73.670427487760278, 42.717051754342357 ], [ -73.66978992014549, 42.716495828197843 ], [ -73.669179861122018, 42.715959635629794 ], [ -73.668291580301855, 42.715155686214452 ], [ -73.666927737056596, 42.71603918089783 ], [ -73.666587562028354, 42.717425083676872 ], [ -73.665442810768923, 42.717255151068265 ], [ -73.663889734918541, 42.717017988754662 ], [ -73.664298830977813, 42.715652738183984 ], [ -73.664720214189472, 42.714266144410175 ], [ -73.664731263186894, 42.714080452986714 ], [ -73.666600192521642, 42.713288881672518 ], [ -73.668396935941914, 42.711582219090495 ], [ -73.669378546170989, 42.710621378867451 ], [ -73.669769478437104, 42.71070151318991 ], [ -73.670003799413351, 42.710951822351269 ], [ -73.670375961475116, 42.711446883431158 ], [ -73.670840300038236, 42.712282872642781 ], [ -73.670974118708727, 42.712734990346782 ], [ -73.671060680014222, 42.713173237685801 ], [ -73.671090990463966, 42.713303085888477 ], [ -73.671162725555391, 42.713499392862325 ], [ -73.671376060964576, 42.713792738561935 ], [ -73.671632681608941, 42.714093997936779 ], [ -73.67189095222173, 42.714299336748759 ], [ -73.672397932453222, 42.714609401622582 ], [ -73.674497360203077, 42.715781635132224 ], [ -73.675912197724728, 42.716272169427256 ], [ -73.677498124925336, 42.716816298877632 ], [ -73.678527066706664, 42.717166030797344 ], [ -73.679207294878509, 42.717365954514698 ], [ -73.680238551226822, 42.717668490034043 ], [ -73.68179783074487, 42.718328853932348 ], [ -73.682284254401736, 42.718470545477302 ], [ -73.683138510158003, 42.718713946509638 ], [ -73.684438223120978, 42.719219140418581 ], [ -73.684968882578943, 42.719446906703304 ], [ -73.68487979129803, 42.719516963584937 ], [ -73.684860474443298, 42.71952097047177 ], [ -73.684831145966683, 42.719521490619002 ], [ -73.684798801171283, 42.719522158219753 ], [ -73.684754800506482, 42.719527231931821 ], [ -73.684718272508633, 42.719529412401577 ], [ -73.684696147668987, 42.719531510168096 ], [ -73.68467101380908, 42.719532931368676 ], [ -73.68465219355113, 42.719532139675209 ], [ -73.68464597847192, 42.719525051807025 ], [ -73.684634657339984, 42.719518814257647 ], [ -73.684617991991956, 42.719511010569619 ], [ -73.684586617423392, 42.719507923959853 ], [ -73.684564806501982, 42.71950469962939 ], [ -73.684522160902077, 42.719490574578437 ], [ -73.684499143379625, 42.719488907465497 ], [ -73.68447498262573, 42.719486355827833 ], [ -73.68445528768477, 42.719480070639477 ], [ -73.684437701074785, 42.719471574353648 ], [ -73.684424058750409, 42.719462936364607 ], [ -73.684414829332056, 42.719456025104492 ], [ -73.684398197672465, 42.719445119994937 ], [ -73.684384634780542, 42.719428909000037 ], [ -73.684379616809196, 42.719421170213778 ], [ -73.684368002774065, 42.719418031324039 ], [ -73.684354484498726, 42.719422564773076 ], [ -73.684340921991563, 42.719427811357434 ], [ -73.684326180471245, 42.719435437720904 ], [ -73.684308211489224, 42.719442195587355 ], [ -73.684287267108445, 42.719445178061832 ], [ -73.684271715644343, 42.719441302812271 ], [ -73.68426038422642, 42.719435943247326 ], [ -73.684243696821497, 42.719430361167383 ], [ -73.684226905060896, 42.719434875573214 ], [ -73.684216323069066, 42.719443238998949 ], [ -73.684203767198483, 42.719444704238683 ], [ -73.68419427460779, 42.71944154957167 ], [ -73.684181649034286, 42.719446115941935 ], [ -73.684163060906315, 42.719444474309832 ], [ -73.684157750361351, 42.719439806761258 ], [ -73.684144287493424, 42.719439044571494 ], [ -73.684124307453729, 42.719435172913258 ], [ -73.684092988158824, 42.71943035781311 ], [ -73.684071199193141, 42.719421645453224 ], [ -73.68405455725032, 42.719411619172725 ], [ -73.684034926992169, 42.719399160269532 ], [ -73.684016228193755, 42.71938670714168 ], [ -73.683996362125768, 42.719371832648903 ], [ -73.683985071060675, 42.719362686560785 ], [ -73.683968591494136, 42.719358641729769 ], [ -73.683957685508517, 42.719355342342979 ], [ -73.683948867485469, 42.719355291518823 ], [ -73.683938840863149, 42.719356771320761 ], [ -73.683929729043712, 42.719359793448277 ], [ -73.683919732775962, 42.719362151559494 ], [ -73.683912717969079, 42.719364004400347 ], [ -73.683904793413092, 42.719367389996592 ], [ -73.683896112660122, 42.719371950143696 ], [ -73.683890259646304, 42.719376553592561 ], [ -73.683879216740408, 42.71938645208359 ], [ -73.683872915021752, 42.719391217834435 ], [ -73.683865155370384, 42.719396661779946 ], [ -73.683857657561177, 42.719401914650042 ], [ -73.683848550265083, 42.719408228800894 ], [ -73.68384035208409, 42.719412792382535 ], [ -73.683826542965505, 42.719420258968235 ], [ -73.683807658116123, 42.719425640779015 ], [ -73.683794134379838, 42.719427127374445 ], [ -73.683785714088444, 42.719431689369287 ], [ -73.683780512254842, 42.719441620902181 ], [ -73.683778349429801, 42.719449318830058 ], [ -73.683771797037636, 42.719453067491848 ], [ -73.683765460599233, 42.719457641763597 ], [ -73.683757964572592, 42.719462757437505 ], [ -73.683747664679672, 42.719469201998137 ], [ -73.683732049233868, 42.719471363120313 ], [ -73.683716178532521, 42.719476761252743 ], [ -73.683703567982732, 42.719483549496928 ], [ -73.683693261246717, 42.719490515372556 ], [ -73.683687831420201, 42.719497344504305 ], [ -73.683678934836095, 42.71950124452546 ], [ -73.683664696125192, 42.719507146495964 ], [ -73.683650017624871, 42.719508627416133 ], [ -73.683635418206521, 42.71950629381687 ], [ -73.683615676949671, 42.719500886248767 ], [ -73.68360494714662, 42.719505791923901 ], [ -73.683596044069802, 42.719510186678086 ], [ -73.683588550170185, 42.719515138570756 ], [ -73.683582910576902, 42.719520757964503 ], [ -73.683576806606126, 42.719527912428433 ], [ -73.683571605343261, 42.719534249255666 ], [ -73.683567836522045, 42.719538836674353 ], [ -73.683562188722931, 42.719545170318007 ], [ -73.683556562438099, 42.719549419497405 ], [ -73.683549082226563, 42.719552972021667 ], [ -73.683539741238718, 42.719556705078745 ], [ -73.68353134207905, 42.719559209170981 ], [ -73.683522960201657, 42.719560040375406 ], [ -73.683513926714568, 42.719559301970243 ], [ -73.683500201170276, 42.719558704189922 ], [ -73.683484339265689, 42.719563250841091 ], [ -73.683470727851528, 42.719573106112946 ], [ -73.683458098077381, 42.719581622941718 ], [ -73.683437072259281, 42.719588857950924 ], [ -73.683423089950139, 42.719591522030179 ], [ -73.683409373432255, 42.719593694074561 ], [ -73.683399802134034, 42.719594325563847 ], [ -73.683391417273285, 42.71959564980807 ], [ -73.683360707587781, 42.719596491588618 ], [ -73.683338642075427, 42.719596365981168 ], [ -73.68331788502249, 42.719599156673148 ], [ -73.683309982742614, 42.719600484352512 ], [ -73.683299944883856, 42.71960317139839 ], [ -73.683289897845441, 42.719606735615045 ], [ -73.683279620053185, 42.719610957613838 ], [ -73.683268400606408, 42.719616217349106 ], [ -73.683215748444198, 42.7196481590113 ], [ -73.683209662081381, 42.719653612272623 ], [ -73.683203309718309, 42.719659750505528 ], [ -73.683192784308773, 42.719666358050354 ], [ -73.68317598069936, 42.719671942395074 ], [ -73.683168517118702, 42.719673958347357 ], [ -73.683160318670815, 42.719678713103775 ], [ -73.683153534466598, 42.719683284147912 ], [ -73.683142309486485, 42.719689229842707 ], [ -73.683136870761231, 42.719696908681186 ], [ -73.683132616606116, 42.719701521779349 ], [ -73.683126333615192, 42.719704587171492 ], [ -73.683114661917671, 42.719706908394535 ], [ -73.68310741378528, 42.719709610175883 ], [ -73.683100854796123, 42.719714211121172 ], [ -73.683093361204016, 42.719719134685413 ], [ -73.683078165080772, 42.719727444514007 ], [ -73.683060170018493, 42.719736616758198 ], [ -73.683042431930431, 42.719742689203436 ], [ -73.683015868730124, 42.719745612500141 ], [ -73.683000023237639, 42.719748458750217 ], [ -73.682992091931951, 42.719752528531203 ], [ -73.682987600137295, 42.71975867745185 ], [ -73.682975882896514, 42.719768900329917 ], [ -73.682969041434021, 42.719775528988855 ], [ -73.682962746270007, 42.719779609582005 ], [ -73.682953957944505, 42.719794485644087 ], [ -73.682942394719717, 42.719811405088855 ], [ -73.682930871880828, 42.719824537179989 ], [ -73.682920991347999, 42.719833399417574 ], [ -73.682911592239179, 42.719842619242286 ], [ -73.682897463872422, 42.719859332586452 ], [ -73.682888040243768, 42.719870774911229 ], [ -73.682829477815957, 42.719912616247775 ], [ -73.68279486688327, 42.71993077583948 ], [ -73.682753797529031, 42.719943741678158 ], [ -73.682726717082943, 42.719953547913654 ], [ -73.682699323092976, 42.719971913327505 ], [ -73.682667739630006, 42.71998871817437 ], [ -73.682647836110689, 42.720002489302885 ], [ -73.682620348946386, 42.720026177481074 ], [ -73.682595088011965, 42.720039918083238 ], [ -73.682557133677903, 42.720068156115858 ], [ -73.682508779898356, 42.720087280850272 ], [ -73.682479301895, 42.720105634765815 ], [ -73.68242158507968, 42.720130687511471 ], [ -73.682389985926775, 42.720149029692067 ], [ -73.682362616479523, 42.720164980439698 ], [ -73.682345811547862, 42.720191993932517 ], [ -73.682323459834819, 42.720215684400536 ], [ -73.682302380027934, 42.720231698045126 ], [ -73.682278310257985, 42.720241686023812 ], [ -73.682258423250474, 42.720253921393812 ], [ -73.682217088890539, 42.720270835714622 ], [ -73.682201570560196, 42.72028515258458 ], [ -73.682198203503049, 42.720297480176761 ], [ -73.682190889614773, 42.720306685675261 ], [ -73.682174987358621, 42.720314991198187 ], [ -73.682143761960504, 42.720318765955376 ], [ -73.682115360353492, 42.720323241735514 ], [ -73.682091325266597, 42.720329964508302 ], [ -73.682073562374541, 42.720338259302103 ], [ -73.682057398541161, 42.720350185937981 ], [ -73.68204189936138, 42.720362775031745 ], [ -73.682023861735971, 42.720375869935062 ], [ -73.682013261856355, 42.720389721118224 ], [ -73.682000466226469, 42.720410392720908 ], [ -73.681993989040819, 42.720431948956445 ], [ -73.681989616282181, 42.720448058714233 ], [ -73.681983206755476, 42.720459683703211 ], [ -73.681980953152376, 42.720475776868255 ], [ -73.681960031615532, 42.720497965681233 ], [ -73.681958765088439, 42.720508769030999 ], [ -73.68195348457931, 42.72052262390141 ], [ -73.68195337163813, 42.720533433775657 ], [ -73.681956273256816, 42.720544234311049 ], [ -73.681945696925652, 42.720555670038351 ], [ -73.681925815275832, 42.720567219376669 ], [ -73.681899221264743, 42.720573076606769 ], [ -73.681886004840493, 42.720570093235075 ], [ -73.681872632503399, 42.720560742563102 ], [ -73.681860167638632, 42.720549860849161 ], [ -73.681845564050874, 42.720544290733706 ], [ -73.681831390417827, 42.720543880777932 ], [ -73.681820853328219, 42.720551531706555 ], [ -73.681814411170777, 42.720566256366368 ], [ -73.681801630435004, 42.720589149871621 ], [ -73.681781599739026, 42.720611507943218 ], [ -73.681761401021532, 42.720632136919832 ], [ -73.681734164872751, 42.720656677329302 ], [ -73.681710921384564, 42.72067660281968 ], [ -73.681690722273075, 42.720697258363664 ], [ -73.681658144520355, 42.720720204201292 ], [ -73.681638103791713, 42.720747034969108 ], [ -73.681618753846905, 42.720768203358517 ], [ -73.681593693894087, 42.720787583328764 ], [ -73.681564231985959, 42.720804401313018 ], [ -73.681525485878865, 42.720822376614656 ], [ -73.681472924280456, 42.720838701066981 ], [ -73.68144146344811, 42.720843818531456 ], [ -73.681395376689039, 42.720849043255797 ], [ -73.681345332559417, 42.720851859215621 ], [ -73.681305562227209, 42.720850782591064 ], [ -73.681277257828313, 42.720845984842484 ], [ -73.681246107413486, 42.720842705979244 ], [ -73.681225185832346, 42.720843465378621 ], [ -73.681209322635709, 42.720847984263358 ], [ -73.68119038878605, 42.720857838083546 ], [ -73.68116931944553, 42.720869214155805 ], [ -73.681140103279517, 42.720883782812969 ], [ -73.681089659359642, 42.720903553143593 ], [ -73.681024523134738, 42.720926175100949 ], [ -73.680959662242302, 42.720947401242164 ], [ -73.680901806795788, 42.720964055447297 ], [ -73.680864522589218, 42.720970867571339 ], [ -73.68082749610106, 42.720974443553409 ], [ -73.680789768465957, 42.720977301914189 ], [ -73.680739770447104, 42.720979431927709 ], [ -73.680684400198331, 42.720979117303834 ], [ -73.680641410562259, 42.720976456743038 ], [ -73.680607960407769, 42.720972507828023 ], [ -73.680564318300938, 42.720964548278481 ], [ -73.68060598859762, 42.721071796421185 ], [ -73.6816428968379, 42.720865048580166 ], [ -73.68167338539142, 42.720953026133309 ], [ -73.680907677699167, 42.721512177526243 ], [ -73.680889547105267, 42.721843396400267 ], [ -73.680925555435408, 42.722093458018421 ], [ -73.681364368342386, 42.722122900487129 ], [ -73.681424691883592, 42.722247402763166 ], [ -73.681773794173509, 42.722158320009456 ], [ -73.681876118523704, 42.722362468719602 ], [ -73.681944216448173, 42.722345021097965 ], [ -73.681977038202007, 42.722409167753881 ], [ -73.681557684165867, 42.722518595280413 ], [ -73.681712264972347, 42.722839299515883 ], [ -73.68213462638397, 42.7227307392737 ], [ -73.682200912358866, 42.722861805958487 ], [ -73.681777875978767, 42.722970692620009 ], [ -73.681841159476775, 42.723100535822461 ], [ -73.682262598790999, 42.722991283374448 ], [ -73.682328236664716, 42.723120288177419 ], [ -73.681903988824303, 42.723231061754369 ], [ -73.681984622746256, 42.723395795843274 ], [ -73.681454251278893, 42.723533567440313 ], [ -73.681887487166662, 42.724453169251809 ], [ -73.681242771375153, 42.724620301460234 ], [ -73.681102558712809, 42.724324490996104 ], [ -73.680761895661192, 42.723586043910927 ], [ -73.680687054575003, 42.723442589309961 ], [ -73.680610167574926, 42.723335846474768 ], [ -73.680514114111688, 42.723245099711107 ] ] ] } }
]
}
